County,City,Town,Address,Annual_Rent,Area,Land_Type
부산광역시,기장군,기장읍,만화리 352-2,200000,1755,답
부산광역시,기장군,정관읍,예림리 2,2000000,3478,답
부산광역시,기장군,정관읍,월평리 108-26,50000,471,답
부산광역시,기장군,정관읍,월평리 108-25,250000,946,답
대구광역시,군위군,군위읍,하곡리 40,300000,1133,답
대구광역시,군위군,부계면,명산리 392-1,60000,413,답
대구광역시,군위군,부계면,명산리 173,300000,2542,답
대구광역시,군위군,부계면,명산리 166,40000,284,답
대구광역시,군위군,부계면,신화리 924,20000,252,전
대구광역시,군위군,부계면,신화리 930,70000,1018,전
대구광역시,군위군,부계면,신화리 925,110000,1577,전
대구광역시,군위군,소보면,도산리 810,1000000,3670.9,답
대구광역시,군위군,소보면,도산리 694,600000,1245.8,답
대구광역시,군위군,우보면,봉산리 273-2,56000,456,전
대구광역시,군위군,우보면,봉산리 311,74000,592,전
대구광역시,군위군,우보면,봉산리 240,100000,2126,전
대구광역시,군위군,우보면,봉산리 257,90000,711,전
대구광역시,군위군,우보면,봉산리 306-2,220000,1795,전
대구광역시,군위군,의흥면,이지리 1294-2,1200000,2173,답
대구광역시,군위군,효령면,매곡리 1022,500000,2489,전
대구광역시,군위군,효령면,장기리 484,350000,1084,답
대구광역시,달성군,구지면,가천리 531,400000,1058,답
대구광역시,달성군,옥포읍,간경리 564-1,200000,731,답
대구광역시,달성군,옥포읍,간경리 564-2,400000,1309,답
대구광역시,달성군,옥포읍,간경리 367-2,350000,850,답
대구광역시,달성군,옥포읍,간경리 564-2,400000,1309,답
대구광역시,달성군,옥포읍,간경리 539,350000,939,답
대구광역시,달성군,옥포읍,기세리 137-3,200000,542,답
대구광역시,달성군,유가읍,도의리 1081-1,400000,2027,답
대구광역시,달성군,하빈면,묘리 147,450000,625,전
대구광역시,달성군,하빈면,하산리 731,1500000,1944,답
대구광역시,동구,숙천동,287,200000,124,답
대구광역시,동구,숙천동,292-1,200000,111,답
대구광역시,동구,숙천동,213-8,1400000,1973,답
대구광역시,동구,숙천동,291-5,200000,156,답
대구광역시,북구,관음동,75,600000,2129,답
대구광역시,북구,구암동,557,317360000,1309,전
인천광역시,계양구,선주지동,305-15,300000,612.8,전
인천광역시,옹진군,덕적면,서포리 958-37,5505000,367,답
인천광역시,옹진군,영흥면,외리 718,100000,559,답
인천광역시,옹진군,영흥면,외리 709,250000,1788,답
인천광역시,옹진군,영흥면,외리 719,130000,714,답
인천광역시,옹진군,영흥면,외리 714,220000,1633,답
인천광역시,옹진군,영흥면,외리 713,120000,512,답
광주광역시,광산구,남산동,Mar-54,2500000,5002,답
광주광역시,북구,생용동,446-1,1000000,1925,답
광주광역시,북구,월출동,93,800000,2258,답
광주광역시,서구,세하동,505-1,600000,2768,전
울산광역시,북구,무룡동,572,300000,3058,전
울산광역시,울주군,두동면,만화리 700,300000,2502,답
울산광역시,울주군,두동면,만화리 696,500000,3812,답
울산광역시,울주군,두서면,인보리 221-1,300000,1673,답
울산광역시,울주군,삼동면,보은리 896,60000,245,답
울산광역시,울주군,삼동면,보은리 898,740000,3269,답
울산광역시,울주군,삼동면,보은리 895,200000,2364,답
울산광역시,울주군,서생면,위양리 820-1,2000000,6888,전
울산광역시,울주군,언양읍,반천리 594-4,300000,949,전
울산광역시,울주군,온산읍,삼평리 483-2,600000,2007,답
울산광역시,울주군,온산읍,학남리 177,3000000,10909,답
세종특별자치시,연서면,기룡리,521,700000,3071,전
세종특별자치시,연서면,성제리,4,200000,1418,답
세종특별자치시,장군면,송문리,657-9,600000,1990.8,답
경기도,가평군,가평읍,대곡리 506,434000,4420,답
경기도,가평군,가평읍,상색리 287-1,505000000,2564,답
경기도,가평군,가평읍,이화리 461,95000,1137,전
경기도,가평군,가평읍,이화리 462,38000,456,전
경기도,가평군,가평읍,이화리 460,67000,797,전
경기도,가평군,북면,제령리 406,80000000,1920,전
경기도,가평군,상면,행현리 489-1,86000000,1815,전
경기도,가평군,설악면,방일리 76-2,312753000,1477,답
경기도,가평군,설악면,설곡리 167,600000,3003,답
경기도,가평군,설악면,설곡리 553-2,113638000,3088,전
경기도,가평군,설악면,설곡리 553-2,113638000,3088,전
경기도,가평군,설악면,설곡리 443-1,397086000,3893,전
경기도,가평군,설악면,신천리 306-1,1000000,5322,답
경기도,광주시,퇴촌면,광동리 168-8,200000,2509,답
경기도,김포시,대곶면,율생리 687-1,680000,2833,전
경기도,김포시,대곶면,율생리 687-2,670000,2225,전
경기도,김포시,대곶면,율생리 707,450000,1755,전
경기도,안성시,미양면,고지리 2-1,500000,3076,답
경기도,안성시,미양면,용두리 255-1,1000000,3127,답
경기도,안성시,일죽면,화곡리 303-2,300000,1309,답
경기도,안성시,일죽면,화곡리 302-1,300000,2165,답
경기도,안성시,일죽면,화봉리 439-1,800000,2306,답
경기도,안성시,일죽면,화봉리 438-1,500000,1126,답
경기도,안성시,일죽면,화봉리 439-3,500000,1461,답
경기도,양평군,개군면,주읍리 83,600000,1835,전
경기도,양평군,개군면,주읍리 89-4,800000,2430,전
경기도,양평군,단월면,산음리 542-5,200000,469,전
경기도,양평군,서종면,서후리 158,300000,2808,답
경기도,양평군,양동면,계정리 356,300000,1329,전
경기도,양평군,용문면,삼성리 649,400000,1286,답
경기도,양평군,청운면,여물리 14-3,200000,1205,답
경기도,양평군,청운면,여물리 14,300000,1596,답
경기도,여주시,대신면,하림리 556-3,490000,1644,답
경기도,여주시,대신면,하림리 556-2,510000,1745,답
경기도,여주시,대신면,후포리 130-11,500000,1650,전
경기도,여주시,북내면,가정리 65-1,389700,2165,전
경기도,여주시,북내면,가정리 65-2,208800,1160,전
경기도,여주시,북내면,서원리 350-5,270000,1195.9,전
경기도,여주시,우만동,Jan-80,426000,1825,답
경기도,여주시,천송동,273-2,160000,552,전
경기도,여주시,천송동,273-1,270000,959,전
경기도,여주시,천송동,Feb-42,770000,2691,전
경기도,연천군,군남면,삼거리 1190,480000,2376.3,답
경기도,연천군,군남면,삼거리 543-3,20000,76,답
경기도,연천군,군남면,삼거리 543-2,200000,955,답
경기도,연천군,군남면,삼거리 1189,450000,2201.4,답
경기도,연천군,군남면,진상리 258-3,100000,585,전
경기도,연천군,군남면,진상리 239,400000,3312,전
경기도,연천군,백학면,노곡리 1066,140000000,2911,답
경기도,연천군,백학면,노곡리 1067-1,19000000,400,답
경기도,연천군,백학면,석장리 159,280000,3183,답
경기도,연천군,신서면,답곡리 1346,400000,6060,전
경기도,연천군,신서면,도밀리 964,230000,2555,답
경기도,연천군,신서면,도밀리 564,180000,2069,전
경기도,연천군,신서면,도밀리 562,190000,2109,전
경기도,연천군,연천읍,와초리 375-1,240000000,4453,전
경기도,연천군,왕징면,강내리 155,150000,1453,전
경기도,연천군,왕징면,작동리 121,1700000,2456,과수원
경기도,연천군,왕징면,작동리 120,4080000,5893,과수원
경기도,연천군,왕징면,작동리 85,650000,945,과수원
경기도,연천군,왕징면,작동리 122,3570000,5164,과수원
경기도,연천군,장남면,원당리 603,195000000,1891,전
경기도,연천군,장남면,원당리 608,353863000,1557,전
경기도,연천군,장남면,원당리 606-2,411818000,1812,전
경기도,연천군,장남면,원당리 607,574090000,2526,전
경기도,연천군,장남면,원당리 606-1,405000000,1782,답
경기도,연천군,장남면,원당리 605-5,383636000,1688,전
경기도,연천군,전곡읍,신답리 382,1800000,3170,답
경기도,연천군,중면,적거리 2,380000,4860,전
경기도,연천군,중면,적거리 3,190000,2083,전
경기도,연천군,중면,적거리 3,190000,2083,전
경기도,연천군,중면,적거리 35,100000,1071,전
경기도,연천군,중면,합수리 272,400000,3868,답
경기도,연천군,중면,합수리 273,300000,2856,답
경기도,연천군,중면,합수리 14,800000,2182,답
경기도,용인시,처인구,양지면 양지리 167-3,100000,231,답
경기도,용인시,처인구,양지면 양지리 167-4,50000,75,답
경기도,용인시,처인구,양지면 양지리 166-2,350000,1948,답
경기도,용인시,처인구,양지면 주북리 601-1,500000,3369,답
경기도,용인시,처인구,양지면 주북리 601-2,350000,1302,답
경기도,용인시처인구,삼가동,157-17,250000,280,전
경기도,용인시처인구,삼가동,157-30,150000,238,전
경기도,이천시,모가면,진가리 88-3,300000,1142,답
경기도,파주시,군내면,읍내리 18,900000,3818,전
경기도,파주시,야동동,1034-2,300000,2090,전
경기도,평택시,청북읍,한산리 339-2,600000,1954,답
경기도,평택시,팽성읍,추팔리 50-56,10000,20,답
경기도,평택시,팽성읍,추팔리 50-54,310000,1319,답
경기도,포천시,가산면,마전리 7-2,20000,178,전
경기도,포천시,가산면,마전리 99,820000,7610,전
경기도,포천시,가산면,마전리 74-2,150000,1385,전
경기도,포천시,가산면,마전리 102,190000,1759,전
경기도,포천시,가산면,마전리 74-1,80000,698,전
경기도,포천시,가산면,마전리 7-3,20000,161,전
경기도,포천시,가산면,마전리 269,1600000,6093,전
경기도,포천시,가산면,마전리 7,50000,445,전
경기도,포천시,가산면,마전리 99,820000,7610,전
경기도,포천시,가산면,마전리 7-4,10000,23,전
경기도,포천시,가산면,우금리 400-2,3500000,3117,과수원
경기도,포천시,군내면,명산리 313-1,826000,2175,답
경기도,포천시,군내면,좌의리 159-2,1083000,2850,답
경기도,포천시,군내면,좌의리 159-1,742000,1954,답
경기도,포천시,군내면,좌의리 314,119000,4654,답
경기도,포천시,소흘읍,무림리 570,780000,2062,전
경기도,포천시,소흘읍,무림리 569,220000,562,전
경기도,포천시,소흘읍,초가팔리 512,500000,1615,답
경기도,포천시,이동면,연곡리 599-8,66500000,634,전
경기도,포천시,이동면,연곡리 599-7,175000000,1670,전
경기도,포천시,이동면,연곡리 803,1000000,5008,전
경기도,포천시,이동면,연곡리 599-10,108500000,1036,전
경기도,포천시,일동면,사직리 22-2,900000,8823,전
경기도,포천시,창수면,가양리 522-10,1000000,4519,답
경기도,포천시,창수면,가양리 183,500000,873,답
경기도,포천시,창수면,가양리 559,1400000,5015,전
경기도,포천시,창수면,가양리 157,1000000,2496,답
경기도,포천시,창수면,가양리 343,500000,1013,답
경기도,포천시,화현면,명덕리 399,4780000,6311,답
경기도,포천시,화현면,명덕리 400,520000,688,답
경기도,하남시,창우동,30,100000,1388,답
경기도,하남시,창우동,29,100000,1243,답
충청북도,괴산군,감물면,광전리 276,700000,1752,답
충청북도,괴산군,감물면,매전리 61,24000,708,전
충청북도,괴산군,감물면,매전리 61-4,26000,767,전
충청북도,괴산군,감물면,오성리 776-1,900000,3233,전
충청북도,괴산군,문광면,광덕리 49,300000,2780,전
충청북도,괴산군,문광면,대명리 218,1000000,5028,전
충청북도,괴산군,문광면,송평리 303-2,4000,73,전
충청북도,괴산군,문광면,송평리 303,102000,2034,전
충청북도,괴산군,사리면,화산리 535,3700000,4909,전
충청북도,괴산군,소수면,고마리 326,300000,4711,전
충청북도,괴산군,소수면,소암리 491,750000,2992,전
충청북도,괴산군,소수면,옥현리 257-5,300000,1322,전
충청북도,괴산군,소수면,입암리 143,200000,2188,전
충청북도,괴산군,연풍면,삼풍리 327-6,100000,864.9,전
충청북도,괴산군,연풍면,삼풍리 394-3,400000,2630,전
충청북도,괴산군,연풍면,삼풍리 327-90,400000,3668,전
충청북도,괴산군,연풍면,삼풍리 394-4,800000,4055,전
충청북도,괴산군,연풍면,삼풍리 394-6,400000,2537,전
충청북도,괴산군,장연면,송덕리 492-3,100000000,1553,전
충청북도,괴산군,청안면,운곡리 614-1,200000,1150,전
충청북도,괴산군,청안면,운곡리 628-1,130000,764,전
충청북도,괴산군,청천면,거봉리 130-1,85000000,4446,전
충청북도,괴산군,청천면,고성리 419,150000,1286,전
충청북도,괴산군,청천면,고성리 295-2,420000,2496,전
충청북도,괴산군,청천면,고성리 302-2,30000,221,전
충청북도,괴산군,청천면,고성리 295-1,150000,922,전
충청북도,괴산군,청천면,고성리 302-1,100000,585,전
충청북도,괴산군,청천면,금평리 42-19,1200000,4987,전
충청북도,괴산군,청천면,금평리 42-22,200000,692,전
충청북도,괴산군,청천면,금평리 42-20,1000000,4221,전
충청북도,괴산군,청천면,덕평리 717,400000,1724.9,답
충청북도,괴산군,청천면,삼락리 6,660000,1827,전
충청북도,괴산군,청천면,삼송리 448,300000,1408,답
충청북도,괴산군,청천면,송면리 190-5,200000,2489,전
충청북도,괴산군,청천면,여사왕리 105,150000,3028,전
충청북도,괴산군,청천면,지촌리 112,250000,1096,전
충청북도,괴산군,청천면,지촌리 155,480000,2126,전
충청북도,괴산군,청천면,지촌리 195,770000,3413,전
충청북도,괴산군,칠성면,비도리 192,230000,2238,답
충청북도,괴산군,칠성면,사은리 912,200000,4843,전
충청북도,괴산군,칠성면,외사리 286-1,300000,1604,전
충청북도,단양군,가곡면,가대리 657,177000,1761,전
충청북도,단양군,단성면,가산리 627-3,100000,1918,전
충청북도,단양군,단성면,양당리 78,30000,958,전
충청북도,단양군,단성면,양당리 47,100000,3488,전
충청북도,단양군,단성면,양당리 76,40000,1345,전
충청북도,단양군,단성면,양당리 75-1,100000,2317,전
충청북도,단양군,단성면,외중방리 231,20000,179,과수원
충청북도,단양군,단성면,외중방리 232,100000,1266,과수원
충청북도,단양군,대강면,신구리 8,70000,667,전
충청북도,단양군,대강면,신구리 30,330000,3259,전
충청북도,단양군,매포읍,삼곡리 271,100000,1850,답
충청북도,단양군,어상천면,연곡리 181-4,90000,291,전
충청북도,단양군,어상천면,연곡리 181-5,180000,602,전
충청북도,단양군,영춘면,사이곡리 378,210000,2106,전
충청북도,단양군,영춘면,사이곡리 49,53000,526,전
충청북도,단양군,영춘면,사이곡리 40,75000,743,전
충청북도,단양군,영춘면,사이곡리 379,470000,4711,전
충청북도,단양군,영춘면,사이곡리 51-4,15000,157,전
충청북도,단양군,영춘면,사지원리 657,200000,2480,전
충청북도,단양군,영춘면,사지원리 658,100000,803,전
충청북도,단양군,영춘면,사지원리 653-5,200000,2073,전
충청북도,단양군,영춘면,오사리 102-5,100000,7167,전
충청북도,단양군,적성면,하리 299,110000,1246,전
충청북도,단양군,적성면,하원곡리 264-5,50000,556,전
충청북도,단양군,적성면,하원곡리 264,170000,1928,전
충청북도,단양군,적성면,하원곡리 264-4,200000,2170,전
충청북도,단양군,적성면,하원곡리 264-6,10000,52,전
충청북도,단양군,적성면,하원곡리 264-3,170000,1948,전
충청북도,단양군,적성면,현곡리 97-2,100000,2162,전
충청북도,보은군,내북면,법주리 339-3,4170000,5520,전
충청북도,보은군,마로면,기대리 264,620000,2040,답
충청북도,보은군,마로면,세중리 328,970000,3213,답
충청북도,보은군,마로면,송현리 276-1,240000,1051,답
충청북도,보은군,보은읍,금굴리 89-1,1500000,2091,답
충청북도,보은군,보은읍,월송리 203,320000,1451,답
충청북도,보은군,보은읍,월송리 203-1,330000,1458,답
충청북도,보은군,보은읍,월송리 200-8,150000,645,답
충청북도,보은군,산외면,동화리 55,300000,923,전
충청북도,보은군,산외면,신정리 4-2,570000,2303,답
충청북도,보은군,산외면,신정리 19,630000,2085,답
충청북도,보은군,산외면,신정리 4-1,150000,542,답
충청북도,보은군,산외면,아시리 65,1740000,2883,전
충청북도,보은군,삼승면,내망리 635,1500000,1631,전
충청북도,보은군,삼승면,천남리 470,1070000,2952,답
충청북도,보은군,삼승면,탄금리 139,1500000,3476,답
충청북도,보은군,속리산면,상판리 113,1190000,1577,답
충청북도,보은군,속리산면,상판리 114,430000,566,답
충청북도,보은군,속리산면,상판리 112,1130000,1497,답
충청북도,보은군,속리산면,상판리 111,690000,910,답
충청북도,보은군,속리산면,상판리 115,1400000,1848,답
충청북도,보은군,속리산면,하판리 111,1720000,2276,답
충청북도,보은군,속리산면,하판리 109,790000,1047,답
충청북도,보은군,속리산면,하판리 26,1520000,2011,답
충청북도,보은군,수한면,거현리 386,100000,2592,답
충청북도,보은군,수한면,동정리 83-4,740000,3709,전
충청북도,보은군,수한면,동정리 83-2,350000,1755,전
충청북도,보은군,수한면,동정리 83-1,300000,1507,전
충청북도,보은군,수한면,동정리 89-2,110000,555,전
충청북도,보은군,장안면,개안리 73-6,920000,1220,전
충청북도,보은군,장안면,구인리 258-7,600000,3146,전
충청북도,보은군,회남면,금곡리 224,860000,1898,전
충청북도,보은군,회인면,송평리 279,2220000,2937,답
충청북도,영동군,매곡면,강진리 952,440000,2337,전
충청북도,영동군,매곡면,강진리 953-2,654540,3073,전
충청북도,영동군,매곡면,강진리 817,228940,1065,답
충청북도,영동군,매곡면,강진리 810,236970,1179,답
충청북도,영동군,매곡면,강진리 810-1,257070,1279,답
충청북도,영동군,매곡면,공수리 103,800000,1817,답
충청북도,영동군,매곡면,공수리 314,100000,548,답
충청북도,영동군,매곡면,공수리 315-2,100000,274,답
충청북도,영동군,매곡면,수원리 839-6,200000,714,답
충청북도,영동군,매곡면,수원리 839-16,40000,158,답
충청북도,영동군,매곡면,수원리 839-4,580000,2093,답
충청북도,영동군,매곡면,수원리 839-1,40000,138,답
충청북도,영동군,매곡면,수원리 839-5,440000,1587,답
충청북도,영동군,매곡면,수원리 839-2,170000,609,답
충청북도,영동군,매곡면,수원리 839-3,350000,1247,답
충청북도,영동군,매곡면,옥전리 732,100000,948,전
충청북도,영동군,매곡면,옥전리 740-1,200000,1088,전
충청북도,영동군,매곡면,옥전리 740-1,200000,1088,전
충청북도,영동군,매곡면,옥전리 740-2,800000,5060,전
충청북도,영동군,매곡면,유전리 736-5,830000,2987,답
충청북도,영동군,매곡면,유전리 736-4,890000,3169,답
충청북도,영동군,매곡면,유전리 736-8,310000,1110,답
충청북도,영동군,매곡면,유전리 736-1,400000,1447,답
충청북도,영동군,매곡면,유전리 736-7,350000,1260,답
충청북도,영동군,매곡면,유전리 736-10,240000,840,답
충청북도,영동군,매곡면,유전리 736,210000,751,답
충청북도,영동군,매곡면,유전리 736-6,360000,1261,답
충청북도,영동군,매곡면,유전리 736-7,350000,1260,답
충청북도,영동군,매곡면,유전리 736-10,240000,840,답
충청북도,영동군,매곡면,유전리 736,210000,751,답
충청북도,영동군,매곡면,유전리 736-6,360000,1261,답
충청북도,영동군,매곡면,유전리 736-9,220000,770,답
충청북도,영동군,상촌면,돈대리 325,1700000,6640,답
충청북도,영동군,상촌면,물한리 303-2,1200000,6922,답
충청북도,영동군,상촌면,물한리 93-3,500000,1894,답
충청북도,영동군,상촌면,물한리 91-1,600000,2354,답
충청북도,영동군,상촌면,물한리 304-2,100000,667,답
충청북도,영동군,상촌면,임산리 202-1,1850000,2142,답
충청북도,영동군,상촌면,임산리 208,150000,899,답
충청북도,영동군,상촌면,임산리 266,100000,803,답
충청북도,영동군,상촌면,임산리 272,400000,5097,답
충청북도,영동군,심천면,각계리 305,411230,2006,답
충청북도,영동군,심천면,금정리 66-1,550000,2460,전
충청북도,영동군,심천면,금정리 66-2,420000,1907,전
충청북도,영동군,심천면,금정리 79-1,50000,350,전
충청북도,영동군,심천면,금정리 74-1,480000,2152,전
충청북도,영동군,심천면,길현리 279,486410,1915,전
충청북도,영동군,심천면,길현리 282-1,454860,2263,전
충청북도,영동군,심천면,마곡리 44,500000,2403,전
충청북도,영동군,심천면,약목리 579-2,300000,2774,답
충청북도,영동군,심천면,용당리 92-1,310000,1194,답
충청북도,영동군,양강면,묵정리 410,545700,2562,전
충청북도,영동군,양강면,유점리 458-5,300000,843,답
충청북도,영동군,양강면,유점리 458-4,263000,577,답
충청북도,영동군,양강면,유점리 261,80000000,4707,전
충청북도,영동군,영동읍,가리 314,600000,2489,답
충청북도,영동군,영동읍,가리 313,400000,1587,전
충청북도,영동군,영동읍,봉현리 130,150000,2221,전
충청북도,영동군,영동읍,봉현리 32,25000,496,전
충청북도,영동군,영동읍,봉현리 30,50000,853,답
충청북도,영동군,영동읍,봉현리 137,40000,638,전
충청북도,영동군,영동읍,봉현리 31,10000,136,답
충청북도,영동군,영동읍,봉현리 140,10000,215,전
충청북도,영동군,영동읍,봉현리 138,5000,86,전
충청북도,영동군,영동읍,산익리 222-1,200000,578,답
충청북도,영동군,영동읍,산익리 171-8,100000,535,답
충청북도,영동군,영동읍,산익리 224-1,1800000,4133,답
충청북도,영동군,영동읍,산익리 171-8,100000,535,답
충청북도,영동군,영동읍,산익리 224-1,1800000,4133,답
충청북도,영동군,영동읍,산익리 171-2,1900000,4907,답
충청북도,영동군,영동읍,주곡리 594,700000,2182,답
충청북도,영동군,용산면,가곡리 364,300000,2949,전
충청북도,영동군,용산면,매금리 150-1,300000,1707,답
충청북도,영동군,용산면,백자전리 124,160000,1448,답
충청북도,영동군,용산면,백자전리 582-1,240000,2116,답
충청북도,영동군,용산면,백자전리 722,700000,3379,답
충청북도,영동군,용산면,백자전리 552,70000,228,답
충청북도,영동군,용산면,백자전리 552,70000,228,답
충청북도,영동군,용산면,백자전리 584,25000,608,답
충청북도,영동군,용산면,부릉리 742,100000,2617,답
충청북도,영동군,용산면,산저리 84-3,233180,1202,답
충청북도,영동군,추풍령면,신안리 448,800000,2671,답
충청북도,영동군,추풍령면,신안리 487,920000,3088,답
충청북도,영동군,학산면,봉소리 1196-2,1500000,2922,답
충청북도,영동군,학산면,아암리 901-3,450000,1677,답
충청북도,영동군,학산면,학산리 21-2,552120,2846,답
충청북도,영동군,학산면,학산리 22,544360,2806,답
충청북도,영동군,학산면,황산리 26,600000,1881,과수원
충청북도,영동군,학산면,황산리 338-2,20000000,800,답
충청북도,영동군,학산면,황산리 338-1,85000000,1928,답
충청북도,영동군,학산면,황산리 48,370000,1471,과수원
충청북도,영동군,학산면,황산리 25,2000000,4277,과수원
충청북도,영동군,학산면,황산리 51,370000,1316,과수원
충청북도,영동군,학산면,황산리 49,660000,2033,과수원
충청북도,영동군,황간면,금계리 449,671740,3342,답
충청북도,영동군,황간면,금계리 459-4,364610,1814,답
충청북도,영동군,황간면,용암리 526-2,600000,1785,답
충청북도,영동군,황간면,용암리 527-1,200000,637,답
충청북도,영동군,황간면,우천리 179,2500000,3324,답
충청북도,옥천군,군북면,이평리 56-2,300000,1590,전
충청북도,옥천군,동이면,남곡리 187-1,100000,1993,답
충청북도,옥천군,동이면,남곡리 187-2,200000,1187,답
충청북도,옥천군,동이면,남곡리 268-1,300000,1765,전
충청북도,옥천군,동이면,적하리 748,100000,714,답
충청북도,옥천군,동이면,적하리 892,130000,2089,답
충청북도,옥천군,동이면,지양리 821,82000000,1710,과수원
충청북도,옥천군,동이면,청마리 376,500000,2228,전
충청북도,옥천군,동이면,청마리 377,500000,2460,전
충청북도,옥천군,안남면,도덕리 1168,600000,1849,답
충청북도,옥천군,안남면,도덕리 232,400000,1398,답
충청북도,옥천군,안남면,도덕리 1064,500000,1337.8,답
충청북도,옥천군,안남면,종미리 248,469000,1564,전
충청북도,옥천군,안내면,도율리 415,400000,3691,전
충청북도,옥천군,안내면,용촌리 24,200000,1882,답
충청북도,옥천군,안내면,장계리 536-1,1100000,3147,답
충청북도,옥천군,안내면,장계리 492-1,500000,1458,답
충청북도,옥천군,안내면,장계리 536-2,540000,1560,답
충청북도,옥천군,안내면,장계리 492-2,220000,648,답
충청북도,옥천군,안내면,정방리 153-2,500000,1478,전
충청북도,옥천군,옥천읍,수북리 61-2,3000,53,답
충청북도,옥천군,옥천읍,수북리 116-1,150000,1220,답
충청북도,옥천군,옥천읍,수북리 116-1,150000,1220,답
충청북도,옥천군,옥천읍,수북리 117,147000,1207,답
충청북도,옥천군,옥천읍,수북리 116-1,150000,1220,답
충청북도,옥천군,이원면,용방리 916-3,28800000,317,전
충청북도,옥천군,이원면,원동리 148,419490,1816,답
충청북도,옥천군,이원면,지탄리 839-1,146000000,2414,전
충청북도,옥천군,청산면,교평리 338,7300000,3215,전
충청북도,옥천군,청산면,만월리 306,250000,6903,답
충청북도,옥천군,청산면,명티리 185,400000,4023,전
충청북도,옥천군,청산면,의지리 689,740000,3198,답
충청북도,옥천군,청산면,의지리 95-2,50000,1198,답
충청북도,옥천군,청산면,의지리 94-2,50000,2263,답
충청북도,옥천군,청산면,의지리 453,600000,2803,전
충청북도,옥천군,청산면,판수리 704,500000,1150.8,답
충청북도,옥천군,청산면,판수리 705,500000,1242.1,답
충청북도,옥천군,청산면,하서리 777,54285000,1809.5,답
충청북도,옥천군,청산면,한곡리 367,400000,2635,답
충청북도,옥천군,청성면,대안리 198,400000,1366,답
충청북도,옥천군,청성면,대안리 272-3,400000,1751,답
충청북도,옥천군,청성면,도장리 763,278490,1205.6,답
충청북도,옥천군,청성면,도장리 808,442590,1916,답
충청북도,옥천군,청성면,삼남리 354,300000,6122,전
충청북도,옥천군,청성면,화성리 294-1,300000,1309,전
충청북도,음성군,감곡면,문촌리 1078-7,363000,1002,과수원
충청북도,음성군,감곡면,문촌리 1078-4,1156000,3188,과수원
충청북도,음성군,감곡면,상우리 250-2,761000,2098,과수원
충청북도,음성군,감곡면,오향리 51-15,5800000,1604,답
충청북도,음성군,감곡면,월정리 57-2,6600000,1864,과수원
충청북도,음성군,감곡면,월정리 57-3,1860000,519,과수원
충청북도,음성군,대소면,미곡리 106,1000000,3167,답
충청북도,음성군,대소면,삼정리 399-2,690000,2642,답
충청북도,음성군,대소면,삼정리 357-2,210000,821,전
충청북도,음성군,맹동면,신돈리 33-1,1360000,4774,답
충청북도,음성군,삼성면,덕정리 110,1300000,6707,답
충청북도,음성군,생극면,병암리 429-4,10000,79,답
충청북도,음성군,생극면,병암리 430-1,40000,450,답
충청북도,음성군,생극면,병암리 405,240000,2473,답
충청북도,음성군,생극면,병암리 430-1,40000,450,답
충청북도,음성군,생극면,병암리 429-2,125000,1269,답
충청북도,음성군,생극면,송곡리 428-2,194000,1481,답
충청북도,음성군,생극면,송곡리 427,346000,5240,답
충청북도,음성군,생극면,차평리 765,5000000,4184,답
충청북도,음성군,생극면,차평리 764,1000000,687.5,답
충청북도,음성군,생극면,팔성리 25-2,145000,516,답
충청북도,음성군,생극면,팔성리 24-2,185000,661,답
충청북도,음성군,생극면,팔성리 24-1,286000,1025,답
충청북도,음성군,생극면,팔성리 25-1,79000,281,답
충청북도,음성군,생극면,팔성리 24-2,185000,661,답
충청북도,음성군,생극면,팔성리 24-1,286000,1025,답
충청북도,음성군,생극면,팔성리 26-2,1600000,5748,답
충청북도,음성군,원남면,문암리 514-1,7000,18,답
충청북도,음성군,원남면,문암리 340,74000,545,답
충청북도,음성군,원남면,문암리 338,31000,221,답
충청북도,음성군,원남면,문암리 514,508000,3736,답
충청북도,음성군,원남면,보천리 763,155000,1028,답
충청북도,음성군,원남면,주봉리 739,70000,261,전
충청북도,음성군,원남면,주봉리 750,470000,1689,전
충청북도,음성군,음성읍,용산리 974-2,70000,2701,전
충청북도,음성군,음성읍,용산리 510,30000,1207,전
충청북도,음성군,음성읍,한벌리 803,50000,1881,전
충청북도,제천시,고명동,697-8,1000000,2854,답
충청북도,제천시,고암동,869-1,500000,3665,답
충청북도,제천시,금성면,월림리 555,327000,2699,전
충청북도,제천시,금성면,위림리 222,284000,2347,전
충청북도,제천시,덕산면,도전리 929,27000,344,전
충청북도,제천시,덕산면,도전리 1031,153000,2671,전
충청북도,제천시,덕산면,신현리 247,70000,1131,전
충청북도,제천시,덕산면,월악리 250,653000,5395,과수원
충청북도,제천시,덕산면,월악리 258,410000,3382,과수원
충청북도,제천시,백운면,방학리 100,500000,2344,답
충청북도,제천시,백운면,애련리 1-2,150000,1863,전
충청북도,제천시,백운면,애련리 288,1000000,3693,답
충청북도,제천시,백운면,애련리 1-6,50000,551,전
충청북도,제천시,백운면,원월리 355-1,500000,1846.8,답
충청북도,제천시,백운면,원월리 371,190000,698,답
충청북도,제천시,백운면,화당리 42-2,1000000,3937.8,전
충청북도,제천시,봉양읍,공전리 810,50000,1922,전
충청북도,제천시,봉양읍,공전리 809,50000,1660,전
충청북도,제천시,봉양읍,공전리 444-7,40000,298,전
충청북도,제천시,봉양읍,공전리 444-10,510000,3871,전
충청북도,제천시,봉양읍,구곡리 1047-1,440000,1881,답
충청북도,제천시,봉양읍,구곡리 1047-6,360000,1540,답
충청북도,제천시,봉양읍,구곡리 1240-2,880000,15273,전
충청북도,제천시,봉양읍,구곡리 1240-4,20000,325,전
충청북도,제천시,봉양읍,미당리 586,400000,2661,전
충청북도,제천시,봉양읍,연박리 1186-1,600000,1509,전
충청북도,제천시,봉양읍,주포리 194-2,600000,1686,답
충청북도,제천시,봉양읍,팔송리 125,3000000,11058.6,전
충청북도,제천시,산곡동,414,160000,2793,전
충청북도,제천시,송학면,도화리 275,1000000,4367,답
충청북도,제천시,수산면,괴곡리 265-3,74000,734,전
충청북도,제천시,수산면,괴곡리 272-2,300000,2985,전
충청북도,제천시,수산면,내리 123,200000,2476,답
충청북도,제천시,수산면,상천리 450,44000,694,전
충청북도,제천시,수산면,상천리 451,156000,2526,전
충청북도,제천시,수산면,수곡리 317,250000,5123,전
충청북도,제천시,수산면,수곡리 398-11,160000,3246,전
충청북도,제천시,수산면,전곡리 48,360000,5898,전
충청북도,제천시,수산면,지곡리 262,80000,1193,전
충청북도,제천시,수산면,지곡리 300,180000,2936,전
충청북도,제천시,수산면,하천리 186,45000,707,전
충청북도,제천시,수산면,하천리 101,150000,531,전
충청북도,제천시,수산면,하천리 200,95000,1577,전
충청북도,제천시,수산면,하천리 185,120000,1927,전
충청북도,제천시,청풍면,후산리 15-1,1500000,9855,답
충청북도,제천시,한수면,송계리 477-1,420000,2094,전
충청북도,제천시,한수면,송계리 481-6,220000,860,과수원
충청북도,제천시,한수면,송계리 482,1260000,4843,과수원
충청북도,진천군,광혜원면,죽현리 611-2,40000,358,전
충청북도,진천군,광혜원면,죽현리 611,110000,923,전
충청북도,진천군,덕산읍,신척리 182,500000,2651,전
충청북도,진천군,문백면,옥성리 130,400000,7458,답
충청북도,진천군,백곡면,성대리 384,1600000,4053,전
충청북도,진천군,백곡면,성대리 826-1,200000,1899,전
충청북도,진천군,진천읍,신정리 549,300000,1418,답
충청북도,진천군,진천읍,지암리 309-3,550000,2691,전
충청북도,진천군,진천읍,지암리 309-8,300000,1306,전
충청북도,진천군,진천읍,지암리 309-2,350000,1673,전
충청북도,진천군,진천읍,행정리 533,800000,2790,답
충청북도,진천군,초평면,연담리 80,750000,2916,전
충청북도,진천군,초평면,영구리 117,270000,1061,답
충청북도,진천군,초평면,용정리 465,500000,1736,답
충청북도,청주시,상당구,미원면 구방리 250-33,1000000,2241,전
충청북도,청주시,상당구,미원면 금관리 596,650000,4539,답
충청북도,청주시,상당구,미원면 대덕리 242-1,1000000,3032,답
충청북도,청주시,상당구,미원면 대덕리 149-1,300000,547,전
충청북도,청주시,상당구,미원면 대신리 114,336960,2188,전
충청북도,청주시,상당구,미원면 대신리 117,29570,192,전
충청북도,청주시,상당구,미원면 수산리 129,550000,590,답
충청북도,청주시,상당구,미원면 수산리 129-1,1450000,1541,답
충청북도,청주시,상당구,미원면 쌍이리 246-1,1000000,4334,전
충청북도,청주시,상당구,산성동 370,800000,2349,답
충청북도,청주시,서원구,남이면 가좌리 215,200000,2139,전
충청북도,청주시,서원구,남이면 가좌리 217,150000,1488,전
충청북도,청주시,서원구,남이면 비룡리 125-1,260000,1194,전
충청북도,청주시,서원구,남이면 비룡리 125,240000,1146,전
충청북도,청주시,서원구,성화동 203,250000,982,답
충청북도,청주시,서원구,성화동 202-2,380000,1474,답
충청북도,청주시,서원구,성화동 200-2,630000,2469,답
충청북도,청주시,청원구,내수읍 학평리 74-6,60000,182,전
충청북도,청주시,청원구,내수읍 학평리 74-8,180000,580,전
충청북도,청주시,청원구,내수읍 학평리 74-4,50000,152,전
충청북도,청주시,청원구,내수읍 학평리 74-3,4710000,15068,전
충청북도,청주시,청원구,북이면 추학리 93,520000,1490,답
충청북도,청주시,청원구,북이면 호명리 449,659600,2425,답
충청북도,청주시,청원구,주성동 275-7,740000,1929,답
충청북도,청주시,청원구,주중동 762,300000,798,답
충청북도,청주시,청원구,주중동 760,330000,858,답
충청북도,청주시,청원구,주중동 761,330000,852,답
충청북도,청주시,흥덕구,강내면 당곡리 145-2,400000,1607,전
충청북도,충주시,금가면,잠병리 930,180000,1405,답
충청북도,충주시,금가면,잠병리 929,75000,592,답
충청북도,충주시,금가면,하담리 219-1,145000,1157,전
충청북도,충주시,노은면,법동리 52,120000,460,답
충청북도,충주시,노은면,법동리 53-1,630000,2337,답
충청북도,충주시,노은면,법동리 390,540000,2034,답
충청북도,충주시,노은면,법동리 390,540000,2034,답
충청북도,충주시,노은면,법동리 383,360000,1413,답
충청북도,충주시,대소원면,매현리 604,500000,2223,전
충청북도,충주시,대소원면,문주리 396,500000,5051,전
충청북도,충주시,동량면,대전리 628-1,304000,1521,답
충청북도,충주시,동량면,대전리 678-3,400000,2179,전
충청북도,충주시,동량면,대전리 628,100000,500,답
충청북도,충주시,동량면,대전리 678-1,350000,1894,전
충청북도,충주시,동량면,대전리 1692,450000,1669,답
충청북도,충주시,동량면,서운리 156,360000,1940,전
충청북도,충주시,동량면,조동리 187,30000,417,과수원
충청북도,충주시,동량면,조동리 145,30000,426,과수원
충청북도,충주시,동량면,조동리 188,40000,426,과수원
충청북도,충주시,동량면,조동리 186,20000,274,과수원
충청북도,충주시,동량면,조동리 147,80000,1220,과수원
충청북도,충주시,동량면,화암리 26,540000,2904,전
충청북도,충주시,산척면,석천리 336-2,500000,3431,전
충청북도,충주시,산척면,송강리 1841-4,70000,474,전
충청북도,충주시,살미면,내사리 411,220000,2420,전
충청북도,충주시,살미면,내사리 414,70000,750,전
충청북도,충주시,살미면,내사리 416,50000,578,전
충청북도,충주시,살미면,내사리 414,70000,750,전
충청북도,충주시,살미면,내사리 418,50000,595,전
충청북도,충주시,살미면,향산리 588,77145000,4704,전
충청북도,충주시,수안보면,사문리 344-5,126000,1125,전
충청북도,충주시,수안보면,사문리 355-1,89000,787,전
충청북도,충주시,수안보면,안보리 338-1,500000,3124,답
충청북도,충주시,수안보면,중산리 337,185000,1336,전
충청북도,충주시,수안보면,중산리 327-2,218000,1567,전
충청북도,충주시,수안보면,중산리 175,500000,2112,전
충청북도,충주시,수안보면,중산리 334,100000,727,전
충청북도,충주시,수안보면,중산리 326-1,168000,1210,전
충청북도,충주시,수안보면,중산리 327-2,218000,1567,전
충청북도,충주시,수안보면,중산리 175,500000,2112,전
충청북도,충주시,수안보면,중산리 329-1,147000,1058,전
충청북도,충주시,수안보면,화천리 442,470000,4701,과수원
충청북도,충주시,신니면,광월리 727-4,210000,2427,전
충청북도,충주시,신니면,광월리 726-1,90000,955,전
충청북도,충주시,신니면,마수리 691,1341000,4471.6,답
충청북도,충주시,신니면,마수리 692,893000,2978.4,답
충청북도,충주시,신니면,마수리 692,893000,2978.4,답
충청북도,충주시,신니면,마수리 690,1316000,4388.3,답
충청북도,충주시,신니면,문숭리 915,300000,2644,전
충청북도,충주시,신니면,문숭리 920,100000,840,전
충청북도,충주시,신니면,용원리 113,680000,3587,답
충청북도,충주시,신니면,용원리 108-2,340000,1788,답
충청북도,충주시,신니면,화석리 381-6,140000,2749,전
충청북도,충주시,안림동,52-54,30000,1025,전
충청북도,충주시,안림동,186,500000,2704,전
충청북도,충주시,안림동,66,300000,2340,과수원
충청북도,충주시,안림동,186,500000,2704,전
충청북도,충주시,안림동,66,300000,2340,과수원
충청북도,충주시,안림동,175,500000,3200,전
충청북도,충주시,앙성면,돈산리 308-1,300000,1699,전
충청북도,충주시,앙성면,돈산리 37,200000,1891,전
충청북도,충주시,앙성면,돈산리 105-6,720000,2215,과수원
충청북도,충주시,앙성면,본평리 52,800000,3950,전
충청북도,충주시,앙성면,본평리 31-2,134000,1342,전
충청북도,충주시,앙성면,본평리 98,177000,1772,전
충청북도,충주시,앙성면,본평리 35,59000,582,전
충청북도,충주시,앙성면,영죽리 27-5,800000,2753,전
충청북도,충주시,앙성면,용포리 399,580000,1333,과수원
충청북도,충주시,앙성면,용포리 396,1690000,3877,과수원
충청북도,충주시,앙성면,용포리 407,730000,1675,과수원
충청북도,충주시,앙성면,용포리 391,600000,3369,과수원
충청북도,충주시,앙성면,중전리 513,210000,1273,전
충청북도,충주시,앙성면,중전리 514,70000,374,전
충청북도,충주시,앙성면,중전리 511,320000,1909,전
충청북도,충주시,앙성면,지당리 576,100000,995,전
충청북도,충주시,엄정면,신만리 612,300000,1996,답
충청북도,충주시,용산동,1836,30000,674,전
충청북도,충주시,용산동,1825,230000,5742,전
충청북도,충주시,용산동,1834,90000,2152,전
충청북도,충주시,용산동,1824,10000,188,전
충청북도,충주시,주덕읍,사락리 399-1,120744000,9288,과수원
충청북도,충주시,주덕읍,사락리 387-1,465108000,33222,과수원
충청북도,충주시,주덕읍,삼청리 881-1,410000,1226,과수원
충청북도,충주시,주덕읍,삼청리 882,320000,932,과수원
충청북도,충주시,주덕읍,삼청리 883-1,670000,1993,과수원
충청북도,흥덕구,강내면,산단리 1-5,3000000,3161,전
충청북도,흥덕구,강내면,산단리 1-2,2000000,2043,전
충청남도,계룡시,엄사면,도곡리 227,700000000,5940,답
충청남도,공주시,계룡면,중장리 552,1400000,3104,답
충청남도,공주시,동현동,374,453000,1600,답
충청남도,공주시,동현동,389,210000,744,답
충청남도,공주시,동현동,375,137000,486,답
충청남도,공주시,사곡면,유룡리 556,200000,1216,전
충청남도,공주시,송선동,406,1000000,2502,답
충청남도,공주시,우성면,보흥리 573-4,620200,3101,답
충청남도,공주시,우성면,보흥리 573-3,598400,2992,답
충청남도,공주시,우성면,보흥리 573-2,185400,927,답
충청남도,공주시,의당면,청룡리 122-5,2000000,2995,답
충청남도,공주시,이인면,달산리 39-3,83000,615,전
충청남도,공주시,이인면,주봉리 345,37560000,1565,답
충청남도,공주시,이인면,초봉리 469-2,17753000,433,전
충청남도,공주시,정안면,대산리 73,1400000,1904,답
충청남도,공주시,탄천면,광명리 268-1,120000,1164,답
충청남도,공주시,탄천면,광명리 278,380000,3669,답
충청남도,공주시,탄천면,국동리 83,300000,2192,답
충청남도,공주시,탄천면,남산리 501,1440000,5273,답
충청남도,공주시,탄천면,분강리 40-2,800000,1236,전
충청남도,금산군,군북면,내부리 24,500000,1150,전
충청남도,금산군,군북면,보광리 253,300000,1683,전
충청남도,금산군,군북면,호티리 157,250000,793,전
충청남도,금산군,금성면,대암리 609,124950,833,전
충청남도,금산군,금성면,대암리 606,201300,1342,전
충청남도,금산군,금성면,대암리 489,306900,2046,전
충청남도,금산군,금성면,도곡리 365,300000,1759,전
충청남도,금산군,금성면,마수리 228,200000,1696,전
충청남도,금산군,금성면,하신리 367,250680,2089,답
충청남도,금산군,금성면,하신리 626-1,116160,968,전
충청남도,금산군,금성면,하신리 626-1,116160,968,전
충청남도,금산군,금성면,하신리 380,367500,2450,전
충청남도,금산군,남이면,석동리 124-7,200000,1814,전
충청남도,금산군,남이면,역평리 329-1,200000,813,답
충청남도,금산군,남이면,역평리 328,150000,582,답
충청남도,금산군,남일면,덕천리 540-2,450000,1587,전
충청남도,금산군,복수면,수영리 151-1,393000,1495,전
충청남도,금산군,복수면,수영리 151-2,32000,124,전
충청남도,금산군,복수면,수영리 170,375000,1425,전
충청남도,금산군,부리면,선원리 7-1,255000,3101,전
충청남도,금산군,부리면,선원리 6,155000,1864,전
충청남도,금산군,부리면,선원리 8,160000,1970,전
충청남도,금산군,부리면,어재리 343,162150,1081,전
충청남도,금산군,부리면,어재리 341,181740,1211.6,전
충청남도,금산군,부리면,예미리 428-11,204960,1708,전
충청남도,금산군,제원면,용화리 550-1,600000,2032,답
충청남도,금산군,진산면,두지리 219-1,80000,357,전
충청남도,금산군,진산면,두지리 219-2,457000,2043,전
충청남도,금산군,진산면,두지리 320-1,313000,1398,전
충청남도,금산군,추부면,성당리 423-1,300000,1316,답
충청남도,금산군,추부면,성당리 214-4,500000,3689,전
충청남도,논산시,광석면,사월리 520-4,2495470,9710,답
충청남도,논산시,상월면,상도리 22-39,500000,3837,답
충청남도,논산시,상월면,신충리 141-1,500000,1370,답
충청남도,논산시,성동면,우곤리 380-1,1440000,2885,답
충청남도,논산시,성동면,화정리 58-5,121020000,4707,답
충청남도,논산시,양촌면,모촌리 390-26,1500000,3114,답
충청남도,논산시,연무읍,마전리 991-2,90000000,2975,답
충청남도,논산시,연무읍,마전리 1141-6,119000000,4020,답
충청남도,논산시,연무읍,마전리 991,110000000,3700,답
충청남도,논산시,연무읍,봉동리 1010-2,13000000,988,답
충청남도,논산시,연무읍,안심리 393,872000,3600,답
충청남도,논산시,연산면,백석리 186-2,141000,461,답
충청남도,논산시,연산면,백석리 185-45,229000,752,답
충청남도,논산시,연산면,백석리 185-33,1050000,3448,답
충청남도,논산시,은진면,용산리 552-2,91927000,3792,전
충청남도,논산시,은진면,용산리 577,64751000,2671,답
충청남도,논산시,은진면,용산리 587,51854000,2139,전
충청남도,논산시,지산동,356-2,126000000,2080,답
충청남도,논산시,지산동,290-8,475000,2195,답
충청남도,논산시,채운면,화산리 515-5,520000,1025,답
충청남도,논산시,채운면,화산리 515-4,670000,1322,답
충청남도,당진시,면천면,성하리 429-6,1000000,2556.1,답
충청남도,당진시,송산면,금암리 23,300000,2026,답
충청남도,당진시,송악읍,가교리 117,680000,2969,답
충청남도,당진시,송악읍,방계리 146-3,400000,1494,답
충청남도,당진시,송악읍,복운리 234-2,80000,335,답
충청남도,당진시,송악읍,복운리 234,370000,1532,답
충청남도,당진시,송악읍,영천리 140-5,320000,1980,답
충청남도,당진시,송악읍,영천리 227,200000,2221,답
충청남도,당진시,우강면,송산리 79-10,1000000,3640,답
충청남도,당진시,원당동,31,104000,608,답
충청남도,당진시,원당동,30,247000,1517,답
충청남도,당진시,원당동,Feb-33,99000,638,답
충청남도,보령시,궁촌동,180-2,450000,1994,답
충청남도,보령시,남포면,봉덕리 461-2,150000,843,답
충청남도,보령시,남포면,봉덕리 459,150000,797,답
충청남도,보령시,남포면,소송리 70-2,428000,1424,답
충청남도,보령시,남포면,소송리 69,260000,1200,답
충청남도,보령시,남포면,소송리 70-4,419000,1392,답
충청남도,보령시,남포면,소송리 73-10,340000,1172,답
충청남도,보령시,남포면,소송리 70-3,542000,1803,답
충청남도,보령시,남포면,소송리 69,260000,1200,답
충청남도,보령시,남포면,소송리 70-4,419000,1392,답
충청남도,보령시,남포면,소송리 70-1,391000,1299,답
충청남도,보령시,남포면,월전리 805-5,1300000,5056.8,답
충청남도,보령시,천북면,신덕리 531-9,184000,2533,전
충청남도,보령시,천북면,신덕리 505-1,116000,1593,전
충청남도,보령시,청라면,내현리 48,302500,1782,답
충청남도,보령시,청라면,내현리 508-1,457500,1830,답
충청남도,보령시,청라면,장산리 32-3,59075000,2363,답
충청남도,보령시,청소면,장곡리 543,200000,1550,답
충청남도,부여군,구룡면,금사리 54-11,2000,78,답
충청남도,부여군,구룡면,금사리 54-10,252000,1043,답
충청남도,부여군,구룡면,금사리 53-14,1800000,3720,답
충청남도,부여군,세도면,장산리 259,354000,1180,답
충청남도,부여군,세도면,청송리 379-2,20000,132,답
충청남도,부여군,세도면,청포리 668,380000,3210,답
충청남도,부여군,양화면,상촌리 233-4,25440000,702,답
충청남도,부여군,양화면,상촌리 233-5,145560000,4006,답
충청남도,부여군,외산면,만수리 38,500000,859,과수원
충청남도,부여군,외산면,만수리 30-4,1000000,1542.9,과수원
충청남도,부여군,외산면,반교리 8-2,350000,1008,답
충청남도,부여군,외산면,반교리 14,300000,1038,답
충청남도,부여군,외산면,반교리 24,400000,1805,답
충청남도,부여군,외산면,수신리 399-4,1020000,3110.6,답
충청남도,부여군,외산면,수신리 399-3,1000000,3000.5,답
충청남도,부여군,외산면,화성리 17,954000,3536,답
충청남도,부여군,외산면,화성리 19,46000,162,답
충청남도,부여군,은산면,은산리 8-3,781000,1326,전
충청남도,부여군,은산면,은산리 8-5,219000,371,전
충청남도,부여군,은산면,장벌리 113-1,415000,2625,답
충청남도,부여군,은산면,장벌리 113-3,210000,1322,답
충청남도,부여군,은산면,장벌리 123,175000,1104,답
충청남도,부여군,임천면,비정리 184-3,140000,1746,답
충청남도,부여군,임천면,비정리 184-2,160000,1867,답
충청남도,부여군,홍산면,상천리 547-1,350000,1419,답
충청남도,부여군,홍산면,상천리 547-2,460000,1783,답
충청남도,서산시,고북면,남정리 831,490000,4231,답
충청남도,서산시,고북면,신상리 1230,300000,1395,답
충청남도,서산시,대산읍,운산리 404-2,110000,1194.2,답
충청남도,서산시,부석면,대두리 736-3,2250000,5946,답
충청남도,서산시,음암면,부장리 154-1,140000,2291,답
충청남도,서산시,인지면,성리 528-2,750000,3788,답
충청남도,서산시,인지면,애정리 221-1,100000,884.1,답
충청남도,서산시,인지면,애정리 220-2,400000,3426.7,답
충청남도,서산시,팔봉면,어송리 1700-8,39000000,1410,답
충청남도,서천군,기산면,가공리 377-2,82000,304,답
충청남도,서천군,기산면,가공리 377-1,340000,1283,답
충청남도,서천군,기산면,가공리 374,220000,833,답
충청남도,서천군,기산면,가공리 374,220000,833,답
충청남도,서천군,기산면,가공리 375,25000,93,답
충청남도,서천군,기산면,화산리 274-1,149380000,4703,답
충청남도,서천군,마산면,벽오리 166,200000,1712,답
충청남도,서천군,마서면,옥산리 813-3,107590000,3557,답
충청남도,서천군,마서면,죽산리 171-1,103780000,3431,답
충청남도,서천군,문산면,문장리 194,200000,780,답
충청남도,서천군,문산면,은곡리 368-10,90000000,3278,답
충청남도,서천군,비인면,구복리 329-1,2000000,2130.3,답
충청남도,서천군,비인면,구복리 329-2,2000000,1693.9,답
충청남도,서천군,비인면,남당리 321,230000,1332,답
충청남도,서천군,비인면,성내리 405,130000,869,답
충청남도,서천군,비인면,성내리 406,220000,1405,답
충청남도,서천군,비인면,성내리 402,250000,1653,답
충청남도,서천군,비인면,성북리 583,66550000,2000,답
충청남도,서천군,비인면,성북리 580-2,65550000,1970,답
충청남도,서천군,비인면,성북리 574,56900000,1710,답
충청남도,서천군,서면,주항리 472-1,25000000,2067.7,답
충청남도,서천군,서천읍,삼산리 927,4950000,5858.1,답
충청남도,서천군,서천읍,신송리 906,3800000,3863.5,답
충청남도,서천군,장항읍,옥산리 193,22000,506,답
충청남도,서천군,장항읍,옥산리 234-9,20000,159,답
충청남도,서천군,장항읍,옥산리 234-10,290000,1881,답
충청남도,서천군,장항읍,옥산리 191,78000,1792,답
충청남도,서천군,종천면,장구리 655-1,300000,1481,답
충청남도,서천군,종천면,종천리 181-2,94000,466,전
충청남도,서천군,종천면,종천리 183,156000,763,전
충청남도,서천군,종천면,화산리 195,950000,1759,답
충청남도,서천군,판교면,문곡리 280-2,800000,2801.3,답
충청남도,서천군,판교면,복대리 306,470000,1167,답
충청남도,서천군,판교면,복대리 297,880000,2169,답
충청남도,서천군,판교면,복대리 235-1,610000,1514,답
충청남도,서천군,판교면,복대리 298,320000,787,답
충청남도,서천군,판교면,심동리 501,800000,4949,답
충청남도,서천군,판교면,현암리 401-1,1843000,6386,답
충청남도,서천군,판교면,현암리 101-4,97000,337,답
충청남도,서천군,판교면,현암리 98-2,60000,198,답
충청남도,서천군,한산면,호암리 181-2,1300000,2936,답
충청남도,서천군,화양면,활동리 117-11,93920000,3268.3,답
충청남도,아산시,선장면,대흥리 314-7,516000,2048,답
충청남도,아산시,선장면,대흥리 314-4,504000,2000,답
충청남도,아산시,신창면,읍내리 29,184998000,2803,답
충청남도,아산시,염치읍,대동리 213,1398870000,12717,답
충청남도,예산군,고덕면,상궁리 623-14,1700000,3757,전
충청남도,예산군,고덕면,상궁리 671-115,50000,111,전
충청남도,예산군,고덕면,상궁리 623-13,5800000,12876,과수원
충청남도,예산군,고덕면,상궁리 623-25,280000,623,전
충청남도,예산군,고덕면,상궁리 76-19,480000,1053,전
충청남도,예산군,고덕면,상궁리 76-1,260000,589,전
충청남도,예산군,고덕면,상궁리 623-24,610000,1377,전
충청남도,예산군,고덕면,상궁리 623-12,1350000,3005,전
충청남도,예산군,고덕면,상궁리 671-115,50000,111,전
충청남도,예산군,고덕면,상궁리 623-13,5800000,12876,과수원
충청남도,예산군,고덕면,상궁리 623-25,280000,623,전
충청남도,예산군,고덕면,상궁리 76-19,480000,1053,전
충청남도,예산군,고덕면,상궁리 76-1,260000,589,전
충청남도,예산군,고덕면,상궁리 623-24,610000,1377,전
충청남도,예산군,고덕면,상궁리 75-3,700000,1520,전
충청남도,예산군,광시면,관음리 194-1,520000,1810,답
충청남도,예산군,광시면,관음리 194-3,820000,2855,답
충청남도,예산군,광시면,관음리 195-2,710000,2510,답
충청남도,예산군,광시면,광시리 560,300000,506,전
충청남도,예산군,광시면,광시리 561,2300000,3897,전
충청남도,예산군,광시면,광시리 55-2,4100000,7169,전
충청남도,예산군,광시면,광시리 565-1,500000,866,전
충청남도,예산군,광시면,운산리 133-1,800000,1438,전
충청남도,청양군,정산면,서정리 517,220000,1445,전
충청남도,청양군,정산면,서정리 518-2,160000,975,전
충청남도,청양군,청양읍,정좌리 369-1,150000,1517,답
충청남도,태안군,근흥면,안기리 121,100000,2277,답
충청남도,태안군,남면,신장리 222,330000,1140,답
충청남도,태안군,남면,신장리 219,170000,496,답
충청남도,태안군,소원면,소근리 650-5,450000,1927.2,답
충청남도,태안군,소원면,파도리 543-194,449600,2044,답
충청남도,태안군,소원면,파도리 543-196,737400,3352,답
충청남도,태안군,안면읍,승언리 1578-1,200000,557.1,답
충청남도,태안군,안면읍,승언리 1579-1,500000,1381.4,답
충청남도,태안군,안면읍,중장리 2218-5,440000,1488.8,답
충청남도,태안군,안면읍,중장리 2218-4,1000000,3433.4,답
충청남도,태안군,안면읍,창기리 1445-9,750000,2351,답
충청남도,태안군,원북면,반계리 870,100000,1458,답
충청남도,태안군,원북면,양산리 213-1,1000000,4131,답
충청남도,태안군,원북면,양산리 205-1,250000,1017,답
충청남도,홍성군,갈산면,취생리 511,516060,2883,답
충청남도,홍성군,갈산면,취생리 320-2,457530,2556,답
충청남도,홍성군,갈산면,취생리 457,269220,1504,답
충청남도,홍성군,갈산면,취생리 338-1,108150,721,전
충청남도,홍성군,광천읍,월림리 590,320000,1521,답
충청남도,홍성군,구항면,오봉리 638-2,200000,1099,답
충청남도,홍성군,구항면,오봉리 638-3,100000,554,답
충청남도,홍성군,금마면,부평리 346,150000,1091,답
충청남도,홍성군,금마면,월암리 879-4,240000,1413.5,답
충청남도,홍성군,금마면,화양리 563-3,497270,2400,답
충청남도,홍성군,장곡면,행정리 733,800000,7068,전
충청남도,홍성군,홍북읍,봉신리 266-30,300000,3093,전
전라남도,강진군,강진읍,덕남리 750,800000,1983,답
전라남도,강진군,군동면,덕천리 1186-2,300400,1502,답
전라남도,강진군,군동면,석교리 594-1,1075000,3950,답
전라남도,강진군,군동면,장산리 503-12,159000,1587,답
전라남도,강진군,도암면,용흥리 613,120000,1180,답
전라남도,강진군,도암면,항촌리 841,359000,1484,답
전라남도,강진군,도암면,항촌리 844,215000,892,답
전라남도,강진군,마량면,수인리 517-17,300000,1986,답
전라남도,강진군,병영면,하고리 697-3,1000000,3002,답
전라남도,강진군,성전면,금당리 869-3,422000,1688,답
전라남도,강진군,성전면,금당리 869-4,278000,1114,답
전라남도,강진군,성전면,금당리 624-12,128000,1280,답
전라남도,강진군,성전면,금당리 624-13,100000,991,답
전라남도,강진군,성전면,금당리 869-6,196000,1951,답
전라남도,강진군,성전면,금당리 869-5,226000,2259,답
전라남도,강진군,성전면,금당리 647,100000,995,답
전라남도,강진군,작천면,삼열리 280-3,660000,2375,답
전라남도,강진군,칠량면,단월리 743-3,772000,2970,답
전라남도,강진군,칠량면,단월리 1090-7,833000,3205.5,답
전라남도,고흥군,과역면,과역리 1465,700000,2378,답
전라남도,고흥군,남양면,신흥리 1079-4,53360000,2520,답
전라남도,고흥군,남양면,신흥리 1079-5,49900000,2357,답
전라남도,고흥군,남양면,장담리 731,100000,995,답
전라남도,고흥군,남양면,장담리 1821-1,200000,2982,답
전라남도,고흥군,대서면,남정리 2107-15,1000000,3480,답
전라남도,고흥군,대서면,송강리 148-2,150000,1000,답
전라남도,고흥군,대서면,송강리 148-1,450000,2828,답
전라남도,고흥군,대서면,화산리 54,273000,1709,답
전라남도,고흥군,도덕면,도덕리 2684-9,900000,2030.6,답
전라남도,고흥군,도덕면,신양리 2439-6,440000,1776,답
전라남도,고흥군,도덕면,신양리 2714-2,360000,3165.2,답
전라남도,고흥군,도덕면,신양리 1532,400000,1164,답
전라남도,고흥군,도덕면,신양리 1535,400000,506,답
전라남도,고흥군,도덕면,신양리 2416-6,900000,1353,답
전라남도,고흥군,도덕면,신양리 2443,180000,725,답
전라남도,고흥군,도덕면,신양리 1531,400000,291,전
전라남도,고흥군,도양읍,용정리 2388-3,200000,1817,답
전라남도,고흥군,도양읍,장계리 917,900000,2955,답
전라남도,고흥군,도양읍,장계리 884,700000,2668,답
전라남도,고흥군,도양읍,장계리 916,200000,787,전
전라남도,고흥군,도화면,발포리 549,700000,1607,전
전라남도,고흥군,도화면,봉룡리 2645-3,150000,1155,답
전라남도,고흥군,도화면,봉룡리 214-3,50000,1252,전
전라남도,고흥군,도화면,사덕리 1307-5,200000,1994.2,답
전라남도,고흥군,도화면,신호리 91-18,100000,494,답
전라남도,고흥군,도화면,신호리 43-11,400000,1177,답
전라남도,고흥군,도화면,신호리 95-2,500000,1854,답
전라남도,고흥군,도화면,신호리 1700-2,800000,2337.6,답
전라남도,고흥군,동강면,매곡리 1345,800000,1758,답
전라남도,고흥군,동강면,장덕리 1070-3,300000,6769.8,답
전라남도,고흥군,점암면,강산리 70,335000,1695,답
전라남도,고흥군,점암면,강산리 1014,600000,4882,답
전라남도,고흥군,점암면,천학리 36-1,314000,1739,답
전라남도,고흥군,포두면,길두리 2900-10,500000,3975,답
전라남도,고흥군,포두면,길두리 2900-3,500000,3927,답
전라남도,고흥군,포두면,송산리 1772-13,500000,4827.4,답
전라남도,고흥군,풍양면,봉양리 1026-4,363000,2271,답
전라남도,고흥군,풍양면,상림리 44-1,190000,1175,답
전라남도,곡성군,겸면,남양리 204,100950000,2225,과수원
전라남도,곡성군,고달면,고달리 610-1,5000000,2950,답
전라남도,곡성군,고달면,목동리 344-3,4000000,2670,답
전라남도,곡성군,곡성읍,신리 519-3,1800000,3002,답
전라남도,곡성군,목사동면,공북리 195-3,5000000,2786,답
전라남도,곡성군,목사동면,공북리 195-2,5000000,2515,답
전라남도,곡성군,삼기면,근촌리 359,270000,2208,전
전라남도,곡성군,삼기면,근촌리 462-2,10750000,896,전
전라남도,곡성군,삼기면,노동리 252-1,96000,959,답
전라남도,곡성군,삼기면,노동리 356,190000,1888,답
전라남도,곡성군,삼기면,노동리 355,210000,2020,답
전라남도,곡성군,삼기면,월경리 243-10,800000,1329,답
전라남도,곡성군,삼기면,월경리 243-9,1000000,1674,답
전라남도,곡성군,석곡면,구봉리 298,70000000,2030,과수원
전라남도,곡성군,석곡면,구봉리 296-3,790000000,23934,과수원
전라남도,곡성군,석곡면,당월리 175,33390000,1104,과수원
전라남도,곡성군,석곡면,당월리 176,131780000,4357,과수원
전라남도,곡성군,석곡면,당월리 103,44100000,1458,과수원
전라남도,곡성군,석곡면,방송리 36,61010000,2017,과수원
전라남도,곡성군,석곡면,방송리 19,70210000,2321,과수원
전라남도,곡성군,석곡면,연반리 155-3,460000,780,답
전라남도,곡성군,석곡면,연반리 155-4,520000,871,답
전라남도,곡성군,오곡면,미산리 294-1,8420000,139,과수원
전라남도,곡성군,오곡면,미산리 131-2,68720000,1134,과수원
전라남도,곡성군,오곡면,미산리 134-3,39390000,650,과수원
전라남도,곡성군,오곡면,미산리 293-6,56600000,934,과수원
전라남도,곡성군,오곡면,미산리 133,106350000,1755,과수원
전라남도,곡성군,오곡면,미산리 131-1,29450000,486,과수원
전라남도,곡성군,오곡면,미산리 293-1,104470000,1724,과수원
전라남도,곡성군,오곡면,미산리 293-2,22840000,377,과수원
전라남도,곡성군,오곡면,미산리 134-1,136350000,2250,과수원
전라남도,곡성군,옥과면,소룡리 800-2,700000,2149,전
전라남도,곡성군,옥과면,소룡리 421-4,300000,883,전
전라남도,곡성군,옥과면,수리 248-3,49000000,1657,답
전라남도,곡성군,입면,서봉리 122-2,200000,413,과수원
전라남도,곡성군,입면,서봉리 22-4,1550000,3163,과수원
전라남도,곡성군,입면,서봉리 44-1,8250000,16860,과수원
전라남도,곡성군,입면,흑석리 4-6,1800000,2964,답
전라남도,곡성군,입면,흑석리 4-7,840000,1394,답
전라남도,곡성군,죽곡면,남양리 188,1040000,1729,답
전라남도,곡성군,죽곡면,신풍리 403,491000,818,답
전라남도,곡성군,죽곡면,신풍리 251-1,1530000,2547,답
전라남도,곡성군,죽곡면,하한리 832-1,50000000,1180,과수원
전라남도,광양시,다압면,금천리 1662,6720,56,과수원
전라남도,광양시,다압면,금천리 1667,50040,417,과수원
전라남도,광양시,다압면,금천리 1661,169800,1415,과수원
전라남도,광양시,다압면,금천리 1655,67440,562,과수원
전라남도,광양시,다압면,금천리 1668,6720,56,과수원
전라남도,광양시,다압면,금천리 1664,7920,66,과수원
전라남도,광양시,다압면,금천리 1666,64680,539,과수원
전라남도,광양시,다압면,금천리 1678,122520,1021,과수원
전라남도,광양시,다압면,금천리 1665,59520,496,과수원
전라남도,광양시,봉강면,구서리 346,650000,1421,답
전라남도,광양시,옥룡면,동곡리 652-4,1000000,1893,답
전라남도,광양시,옥룡면,용곡리 1472,1000000,1590,답
전라남도,구례군,간전면,간문리 521-7,1000000,1850,답
전라남도,구례군,간전면,간문리 521-6,1000000,1150,답
전라남도,구례군,간전면,삼산리 87-6,2700000,1179,답
전라남도,구례군,간전면,양천리 636-4,2000000,789,답
전라남도,구례군,광의면,대산리 707-17,1488000,1488,답
전라남도,구례군,광의면,대산리 163-1,205000,205,답
전라남도,구례군,광의면,대산리 167-1,284000,284,답
전라남도,구례군,광의면,대산리 741-3,576000,576.3,답
전라남도,구례군,광의면,방광리 889-1,2000000,2568,답
전라남도,구례군,광의면,수월리 893-2,2000000,2172,답
전라남도,구례군,광의면,수월리 893-1,2000000,2333,답
전라남도,구례군,구례읍,원방리 103-2,2500000,2532,답
전라남도,구례군,구례읍,원방리 103-12,1000000,691,답
전라남도,구례군,마산면,갑산리 107-1,8000000,2749,답
전라남도,구례군,마산면,갑산리 116-14,2500000,2955,답
전라남도,구례군,마산면,마산리 333-1,2500000,2975,답
전라남도,구례군,마산면,마산리 326-21,2500000,3000,답
전라남도,구례군,마산면,황전리 772-8,2000000,2400,답
전라남도,구례군,마산면,황전리 772-7,1000000,600,답
전라남도,구례군,산동면,외산리 729,2000000,2336,답
전라남도,구례군,산동면,외산리 730-1,2000000,1552,답
전라남도,구례군,산동면,원달리 637-2,100000000,2336,답
전라남도,구례군,용방면,죽정리 214-9,1000000,1095,답
전라남도,구례군,용방면,죽정리 908-3,1000000,1260,답
전라남도,구례군,토지면,오미리 213,200000,1527,전
전라남도,나주시,공산면,상방리 248,980000,3157,답
전라남도,나주시,공산면,상방리 908,980000,2790,답
전라남도,나주시,공산면,상방리 908,980000,2790,답
전라남도,나주시,공산면,상방리 905,920000,1609,답
전라남도,나주시,금천면,신가리 392-2,1000000,3002,과수원
전라남도,나주시,노안면,영평리 682-2,1500000,668,전
전라남도,나주시,노안면,유곡리 388-1,274000,2159,답
전라남도,나주시,노안면,유곡리 388-2,226000,1765,답
전라남도,나주시,문평면,동원리 376-5,3000000,1386,답
전라남도,나주시,봉황면,옥산리 295-1,200000,753,전
전라남도,나주시,봉황면,옥산리 557,910000,1898.5,답
전라남도,나주시,봉황면,옥산리 558,790000,1641.5,답
전라남도,나주시,봉황면,와우리 51-1,3000000,3849,답
전라남도,나주시,봉황면,철천리 1143-1,5000000,8026,답
전라남도,나주시,세지면,내정리 64-20,1500000,1671,전
전라남도,담양군,금성면,대곡리 317,880000,1749,전
전라남도,담양군,금성면,대곡리 11,1210000,6212,답
전라남도,담양군,금성면,대곡리 12,340000,1745,답
전라남도,담양군,무정면,봉안리 443,320000,1518,답
전라남도,담양군,봉산면,연동리 812-2,4000000,2238,답
전라남도,담양군,수북면,대방리 728-1,236000,2479,답
전라남도,담양군,수북면,대방리 732,164000,1711,답
전라남도,담양군,수북면,풍수리 831-4,800000,2214,전
전라남도,담양군,월산면,월산리 1-4,1000000,1818,답
전라남도,무안군,운남면,동암리 1321-14,67060000,3695,답
전라남도,무안군,운남면,동암리 669-4,20990000,1157,답
전라남도,무안군,일로읍,복룡리 1543-3,348000,1150,답
전라남도,무안군,일로읍,복룡리 1543-2,393000,1300,답
전라남도,무안군,일로읍,복룡리 1543-1,629000,2078,답
전라남도,무안군,일로읍,산정리 1348-2,844000,2790.9,답
전라남도,무안군,일로읍,용산리 1357-2,107000,992.2,답
전라남도,무안군,청계면,남성리 676-23,29450000,1217,답
전라남도,무안군,청계면,남성리 676-5,44060000,1821,답
전라남도,무안군,청계면,상마리 830-4,163000,1521,답
전라남도,무안군,현경면,송정리 31,283000,2637,답
전라남도,보성군,겸백면,평호리 918-12,389000,1146,답
전라남도,보성군,겸백면,평호리 241-1,545000,1590,답
전라남도,보성군,겸백면,평호리 918-13,566000,1665,답
전라남도,보성군,노동면,거석리 1032-2,1200000,2580,답
전라남도,보성군,노동면,거석리 1032-3,400000,1156,답
전라남도,보성군,노동면,거석리 733,500000,879,답
전라남도,보성군,득량면,도촌리 81-9,1414584000,127176,과수원
전라남도,보성군,득량면,마천리 357-9,870000,1500,답
전라남도,보성군,득량면,마천리 357-10,870000,1500,답
전라남도,보성군,득량면,마천리 357-11,1700000,2990,답
전라남도,보성군,득량면,정흥리 559-10,1400000,2500,답
전라남도,보성군,벌교읍,연산리 455,484000,1772,답
전라남도,보성군,벌교읍,연산리 494,116000,426,답
전라남도,보성군,벌교읍,전동리 1439-1,600000,2829.7,답
전라남도,보성군,벌교읍,전동리 356,2500000,2632,답
전라남도,보성군,벌교읍,전동리 1442-2,350000,1417.6,답
전라남도,보성군,벌교읍,척령리 127,800000,779,답
전라남도,보성군,벌교읍,척령리 116-4,1500000,3435,답
전라남도,보성군,벌교읍,척령리 131,1500000,1425,답
전라남도,보성군,벌교읍,척령리 134-2,2000000,2502,답
전라남도,보성군,벌교읍,척령리 134-1,800000,1257,답
전라남도,보성군,보성읍,보성리 337-12,1400000,3227,답
전라남도,보성군,보성읍,용문리 176-15,640000,1200,답
전라남도,보성군,보성읍,용문리 176-13,320000,520,답
전라남도,보성군,보성읍,용문리 176-17,600000,1200,답
전라남도,보성군,보성읍,우산리 81-5,240000,823,답
전라남도,보성군,보성읍,우산리 43,600000,1580,답
전라남도,보성군,복내면,장천리 1417-2,3000000,2037,답
전라남도,보성군,복내면,장천리 1417-1,2500000,1018,답
전라남도,보성군,복내면,장천리 1439-8,3000000,1642,답
전라남도,보성군,회천면,군농리 1246,3000000,1411,답
전라남도,보성군,회천면,영천리 357-4,752120,5655,전
전라남도,보성군,회천면,영천리 340-4,905200,6806,전
전라남도,보성군,회천면,영천리 340-3,1285320,9664,전
전라남도,보성군,회천면,영천리 340-9,332900,2503,전
전라남도,순천시,별량면,덕정리 150-2,1500000,2678,답
전라남도,순천시,별량면,봉림리 804-3,2000000,3102,답
전라남도,순천시,송광면,이읍리 792-3,1500000,911,답
전라남도,순천시,송광면,이읍리 708-8,1500000,1063,답
전라남도,순천시,송광면,이읍리 708-9,1500000,957,답
전라남도,순천시,주암면,운룡리 461,1000000,1785,답
전라남도,신안군,도초면,지남리 1792-3,1000000,2304.7,답
전라남도,신안군,도초면,지남리 1792-4,1000000,2115.7,답
전라남도,신안군,도초면,지남리 1792-2,500000,884.5,답
전라남도,신안군,비금면,죽림리 1319-6,1230000,4057,답
전라남도,신안군,비금면,지당리 1104-3,117000,1240,답
전라남도,신안군,압해읍,대천리 1005-2,650000,3000,답
전라남도,신안군,압해읍,신용리 755-1,105000,1359,전
전라남도,신안군,압해읍,신장리 539-7,100000,1042,답
전라남도,신안군,압해읍,신장리 539-2,400000,4277,답
전라남도,신안군,임자면,이흑암리 597-6,618000,2100,답
전라남도,신안군,임자면,이흑암리 597-7,882000,3000,답
전라남도,신안군,자은면,고장리 1448-1,40290000,2183.6,답
전라남도,신안군,장산면,도창리 545,300000,3004,전
전라남도,신안군,장산면,도창리 631,29000,288,답
전라남도,신안군,장산면,도창리 517-1,195000,1951,전
전라남도,신안군,장산면,도창리 543-1,250000,2509,전
전라남도,신안군,장산면,도창리 517-1,195000,1951,전
전라남도,신안군,장산면,도창리 543-1,250000,2509,전
전라남도,신안군,장산면,도창리 199-1,214000,2145,전
전라남도,신안군,증도면,대초리 607,229000,2195,답
전라남도,신안군,증도면,대초리 606,67000,638,답
전라남도,신안군,증도면,대초리 604-1,37000,347,답
전라남도,신안군,지도읍,광정리 142,500000,2827,전
전라남도,여수시,묘도동,428-9,20000000,228,전
전라남도,여수시,소라면,현천리 429,1500000,1253,전
전라남도,여수시,여천동,679-5,3000000,2648,답
전라남도,여수시,율촌면,신풍리 427-11,1500000,1812,답
전라남도,여수시,화양면,안포리 1708-1,500000,1101,전
전라남도,여수시,화양면,안포리 1708,500000,1203,전
전라남도,영광군,군서면,가사리 809-2,1500000,2907,답
전라남도,영광군,군서면,가사리 809-3,1530000,2983,답
전라남도,영광군,군서면,보라리 283,1000000,2083,답
전라남도,영광군,군서면,송학리 243,150000,1164,답
전라남도,영광군,군서면,송학리 301,450000,3590,답
전라남도,영광군,대마면,남산리 371,2500000,4522,답
전라남도,영광군,대마면,남산리 282,1000000,1620,답
전라남도,영광군,대마면,원흥리 504-12,100000,355,답
전라남도,영광군,대마면,원흥리 504-13,150000,744,답
전라남도,영광군,묘량면,덕흥리 73-6,1800000,3028,답
전라남도,영광군,백수읍,양성리 1049-16,3500000,3749.8,답
전라남도,영광군,백수읍,하사리 2465-6,2000000,3711.7,답
전라남도,영광군,백수읍,하사리 2687-2,3300000,6481.4,답
전라남도,영광군,백수읍,하사리 2465-8,2000000,3766.6,답
전라남도,영광군,백수읍,하사리 2687-1,800000,1356.9,답
전라남도,영광군,불갑면,부춘리 530-2,500000,1693,답
전라남도,영광군,불갑면,부춘리 59-1,750000,2387,답
전라남도,영광군,불갑면,부춘리 57-1,650000,2064,답
전라남도,영광군,불갑면,안맹리 582-9,1000000,3002,답
전라남도,영광군,염산면,상계리 1631-3,874000,1986,답
전라남도,영광군,영광읍,녹사리 439-1,488000,2192,답
전라남도,영광군,영광읍,연성리 347-1,300000,565,전
전라남도,영광군,영광읍,연성리 352-1,500000,1441,답
전라남도,영광군,영광읍,연성리 348,1000000,2909,전
전라남도,영광군,영광읍,연성리 352,1300000,3739,답
전라남도,영광군,홍농읍,가곡리 680-7,272000,1387,답
전라남도,영광군,홍농읍,단덕리 780-2,3500000,4683.7,답
전라남도,영암군,덕진면,운암리 240,130000,740,답
전라남도,영암군,덕진면,운암리 239,320000,1742,답
전라남도,영암군,미암면,미암리 553,350000,1646,답
전라남도,영암군,미암면,채지리 566-2,890000,1563,전
전라남도,영암군,미암면,채지리 566-1,680000,1190,전
전라남도,영암군,미암면,채지리 566-3,1470000,2593,전
전라남도,영암군,미암면,채지리 565-5,850000,1495,전
전라남도,영암군,미암면,채지리 566-11,110000,194,전
전라남도,영암군,삼호읍,난전리 391,800000,2410,답
전라남도,영암군,삼호읍,서호리 71-5,180000,600,답
전라남도,영암군,삼호읍,서호리 71-3,550000,1848,답
전라남도,영암군,삼호읍,서호리 71-2,370000,1240,답
전라남도,영암군,시종면,봉소리 51,880000,1693,전
전라남도,영암군,신북면,갈곡리 1078-6,570000,1032,답
전라남도,영암군,신북면,갈곡리 3,880000,4000,답
전라남도,영암군,신북면,갈곡리 1078-4,780000,2679,답
전라남도,영암군,신북면,갈곡리 1078-5,970000,3408,답
전라남도,영암군,영암읍,개신리 219,300000,1054,전
전라남도,영암군,영암읍,송평리 119,300000,928,답
전라남도,영암군,학산면,용소리 272-2,860000,3154,답
전라남도,완도군,군외면,불목리 175-2,106000,874,답
전라남도,완도군,군외면,불목리 175-20,88000,724,답
전라남도,완도군,군외면,영풍리 543-5,10800000,2652,답
전라남도,완도군,군외면,영풍리 543-6,9200000,2160,답
전라남도,완도군,금당면,육산리 1181-14,20000000,1835,답
전라남도,완도군,금당면,차우리 260,200000,1352,전
전라남도,완도군,금일읍,신구리 1135,700000,2416,답
전라남도,완도군,노화읍,충도리 196,7700000,1012,답
전라남도,완도군,보길면,부황리 22-1,435000,2391,답
전라남도,완도군,청산면,여서리 524,126000,1392,전
전라남도,장성군,남면,월곡리 1253-7,2160000,2380.1,과수원
전라남도,장성군,남면,평산리 40-4,850000,1320,답
전라남도,장성군,남면,평산리 40-5,1100000,1759,답
전라남도,장성군,동화면,남산리 758-3,400000,2452,답
전라남도,장성군,동화면,용정리 69-1,407000,1464,과수원
전라남도,장성군,동화면,용정리 67-1,1067000,3835,과수원
전라남도,장성군,동화면,용정리 66,437000,1574,과수원
전라남도,장성군,동화면,용정리 71,360000,1296,과수원
전라남도,장성군,동화면,용정리 69-2,229000,823,과수원
전라남도,장성군,동화면,월산리 241-6,1864000,2935,답
전라남도,장성군,동화면,월산리 241-5,1890000,2976,답
전라남도,장성군,북이면,백암리 918-2,574000,2267.5,답
전라남도,장성군,북이면,백암리 917-6,886000,3501,답
전라남도,장성군,북이면,사거리 576-39,200000,668,답
전라남도,장성군,북일면,성덕리 764,650000,2344,답
전라남도,장성군,북하면,대악리 328-11,560000,1879,답
전라남도,장성군,북하면,대악리 523-3,300000,995,답
전라남도,장성군,북하면,신성리 40,28000,592,답
전라남도,장성군,북하면,신성리 42,84000,1805,답
전라남도,장성군,북하면,신성리 41,9000,192,답
전라남도,장성군,북하면,신성리 41,9000,192,답
전라남도,장성군,북하면,신성리 43,22000,469,답
전라남도,장성군,서삼면,대덕리 542-6,124800000,2575,답
전라남도,장성군,서삼면,대덕리 543-9,56800000,1174,답
전라남도,장성군,서삼면,용흥리 290,527000,1659,답
전라남도,장성군,장성읍,백계리 202,2182000,4512,전
전라남도,장성군,장성읍,백계리 237,254000,526,전
전라남도,장성군,장성읍,백계리 224,292000,605,전
전라남도,장성군,장성읍,백계리 235,272000,562,전
전라남도,장성군,장성읍,백계리 603-9,900000,3068,답
전라남도,장성군,장성읍,성산리 83,180000,1170,답
전라남도,장성군,진원면,선적리 808,3000000,2956.3,전
전라남도,장성군,진원면,선적리 809,4000000,2490,답
전라남도,장성군,황룡면,와룡리 23-20,173360000,3184,답
전라남도,장성군,황룡면,장산리 231-4,1000000,2875,답
전라남도,장흥군,관산읍,삼산리 1326-5,800000,2000,답
전라남도,장흥군,관산읍,삼산리 258-1,1300000,4393.7,답
전라남도,장흥군,관산읍,옥당리 754-1,60000,706,답
전라남도,장흥군,관산읍,외동리 264,600000,2487,답
전라남도,장흥군,관산읍,용전리 86,60000,821,답
전라남도,장흥군,관산읍,용전리 80-3,80000,985,답
전라남도,장흥군,관산읍,죽청리 644-19,550000,1846.9,답
전라남도,장흥군,관산읍,하발리 377,400000,1448,답
전라남도,장흥군,부산면,구룡리 319-1,250000,2237,답
전라남도,장흥군,장동면,봉동리 737-1,544000,2169,답
전라남도,장흥군,장동면,봉동리 768,107000,1008,전
전라남도,장흥군,장평면,광평리 222-1,350000,2089,답
전라남도,장흥군,장평면,기동리 1006-2,600000,2170.8,답
전라남도,장흥군,장평면,기동리 1006-1,400000,1557.5,답
전라남도,장흥군,장평면,녹양리 231-2,650000,2201,답
전라남도,장흥군,장평면,녹양리 231-3,250000,842,답
전라남도,장흥군,장흥읍,평화리 154-8,280000,927,답
전라남도,장흥군,장흥읍,평화리 154-7,600000,2007,답
전라남도,장흥군,장흥읍,평화리 154-6,610000,2021,답
전라남도,진도군,고군면,고성리 800-1,905000,4881,답
전라남도,진도군,고군면,고성리 798-5,929000,5008,답
전라남도,진도군,고군면,도평리 644-5,607000,2292,답
전라남도,진도군,고군면,도평리 638-12,795000,3000,답
전라남도,진도군,고군면,도평리 636-3,364000,1374,답
전라남도,진도군,고군면,도평리 644-4,524000,1976,답
전라남도,진도군,고군면,원포리 1191-5,862000,3255.1,답
전라남도,진도군,고군면,지막리 1722-6,282000,2878,답
전라남도,진도군,고군면,지막리 1774-2,573000,2163,답
전라남도,진도군,임회면,명슬리 1010-5,560000,2944,답
전라남도,진도군,임회면,삼막리 1442-5,572000,2159.3,답
전라남도,진도군,조도면,창유리 432,300000,2668,전
전라남도,진도군,조도면,창유리 437,150000,1164,전
전라남도,진도군,진도읍,해창리 1385,730000,4039,답
전라남도,진도군,진도읍,해창리 1384,720000,3959.4,답
전라남도,진도군,진도읍,해창리 1386,740000,4058.3,답
전라남도,진도군,진도읍,해창리 1386,740000,4058.3,답
전라남도,진도군,진도읍,해창리 1376,730000,4037.7,답
전라남도,함평군,함평읍,기각리 462-3,100000,736,전
전라남도,함평군,함평읍,기각리 462-1,120000,821,전
전라남도,함평군,함평읍,기각리 462-2,80000,530,전
전라남도,함평군,함평읍,대덕리 40,200000,2215,답
전라남도,해남군,계곡면,법곡리 697-2,124000,1269,답
전라남도,해남군,계곡면,법곡리 697-1,276000,2823,답
전라남도,해남군,계곡면,황죽리 308-18,240000,1184,답
전라남도,해남군,마산면,산막리 114,15170000,1048,전
전라남도,해남군,마산면,산막리 119,22930000,1583,전
전라남도,해남군,마산면,용전리 130-42,201000,1324,답
전라남도,해남군,마산면,화내리 907,58900000,1943.7,답
전라남도,해남군,마산면,화내리 907-1,9780000,322.7,답
전라남도,해남군,마산면,화내리 951,32630000,1077.9,답
전라남도,해남군,문내면,석교리 276,20364000,1683,전
전라남도,해남군,문내면,석교리 275,19844000,1640,전
전라남도,해남군,북평면,서홍리 336-9,1300000,1761,답
전라남도,해남군,북평면,서홍리 336-8,1600000,2132,답
전라남도,해남군,북평면,서홍리 337-1,2500000,3216,답
전라남도,해남군,북평면,와룡리 169,79000,522,전
전라남도,해남군,북평면,와룡리 168-1,122000,806,전
전라남도,해남군,산이면,송천리 145,370000,1230,전
전라남도,해남군,산이면,송천리 142,670000,2241,전
전라남도,해남군,송지면,어란리 78-1,250000,1971,답
전라남도,해남군,송지면,어란리 597,130000,1074,전
전라남도,해남군,옥천면,송산리 1061,1000000,3082.3,답
전라남도,해남군,옥천면,송산리 1060,1000000,3090.9,답
전라남도,해남군,옥천면,송산리 1088,1000000,2980.6,답
전라남도,해남군,옥천면,용동리 100-1,183000,2028,답
전라남도,해남군,현산면,고현리 234-1,100000,823,전
전라남도,해남군,현산면,고현리 234-4,25000,208,전
전라남도,해남군,현산면,만안리 652-3,5000000,3020,답
전라남도,해남군,현산면,만안리 652-2,5000000,2966,답
전라남도,해남군,화산면,연정리 906,4350000,1566,답
전라남도,해남군,화산면,월호리 1203,6550000,2359.9,답
전라남도,해남군,화산면,율동리 789-8,21500000,1420,답
전라남도,해남군,화원면,구림리 133-4,184000,1213,전
전라남도,해남군,화원면,매월리 660-1,438000,2408,전
전라남도,해남군,화원면,영호리 707,330000,2364,전
전라남도,해남군,화원면,화봉리 18-1,19000000,1266,전
전라남도,해남군,화원면,화봉리 19,21000000,1425,전
전라남도,해남군,화원면,후산리 1022,450000,2555,답
전라남도,해남군,황산면,관춘리 914,80000000,4516.6,답
전라남도,해남군,황산면,관춘리 980-4,40000000,2626.4,답
전라남도,해남군,황산면,송호리 757,100000,1193,전
전라남도,해남군,황산면,송호리 419-1,116000,853,전
전라남도,해남군,황산면,송호리 418-1,116000,1481,전
전라남도,해남군,황산면,원호리 874,259000,1425,답
전라남도,화순군,능주면,만인리 37-1,500000,1567,답
전라남도,화순군,능주면,원지리 56-3,400000,1330,답
전라남도,화순군,청풍면,세청리 911-8,210000,2095,답
전라남도,화순군,화순읍,연양리 308,620000,2040,전
전라남도,화순군,화순읍,연양리 313,580000,1858,전
경상북도,경산시,남산면,우검리 204,500000,1458,답
경상북도,경산시,와촌면,신한리 51,890000,2946,답
경상북도,경산시,자인면,읍천리 577,181000,599,과수원
경상북도,경산시,자인면,읍천리 576-1,326000,1078,과수원
경상북도,경산시,진량읍,북리 616-3,107000,354,답
경상북도,경산시,진량읍,북리 616-4,715000,2364,답
경상북도,경산시,하양읍,교리 359,468000,1547,전
경상북도,경주시,건천읍,방내리 971-8,135000,1117,답
경상북도,경주시,건천읍,신평리 1606-20,550000,2017,답
경상북도,경주시,건천읍,신평리 1496-4,550000,2003,답
경상북도,경주시,건천읍,용명리 2202-1,500000,1898,답
경상북도,경주시,내남면,명계리 528-2,55000,574,답
경상북도,경주시,내남면,명계리 528-3,245000,2512,답
경상북도,경주시,내남면,안심리 42,200000,1716,답
경상북도,경주시,내남면,화곡리 585,100000,1365,답
경상북도,경주시,산내면,외칠리 1001-11,350000,2987,답
경상북도,경주시,서면,도계리 943-2,4000000,6954,과수원
경상북도,경주시,서면,도계리 309-1,200000,1431,답
경상북도,경주시,서면,도계리 942,690000,2425,전
경상북도,경주시,서면,도계리 902,310000,1084,전
경상북도,경주시,서면,운대리 488,500000,716,전
경상북도,경주시,안강읍,양월리 1086-2,1000000,2966,답
경상북도,경주시,외동읍,석계리 1066-2,200000,1514,답
경상북도,경주시,외동읍,석계리 1184-1,300000,2592,답
경상북도,경주시,외동읍,석계리 1066-1,600000,4638,답
경상북도,경주시,외동읍,석계리 1184-3,200000,1640,답
경상북도,경주시,외동읍,신계리 315,370000,3078,답
경상북도,경주시,외동읍,연안리 85-6,420000,2033,답
경상북도,경주시,외동읍,입실리 1069-15,129000,1098,답
경상북도,경주시,천북면,동산리 214,200000,2463,답
경상북도,고령군,개진면,양전리 311-1,650000,2549,전
경상북도,고령군,개진면,양전리 321-4,120000,483,답
경상북도,고령군,개진면,양전리 594,430000,1676,전
경상북도,고령군,개진면,오사리 27,660000,1000,전
경상북도,고령군,개진면,오사리 27-1,670000,1000,전
경상북도,고령군,개진면,오사리 27-2,670000,1000,전
경상북도,구미시,도개면,월림리 533-3,700000,2359,답
경상북도,구미시,선산읍,죽장리 704,73500000,1470,과수원
경상북도,구미시,선산읍,죽장리 926,141400000,2828,과수원
경상북도,군위군,우보면,모산리 1155,300000,440,과수원
경상북도,군위군,우보면,모산리 1151,1700000,2522,과수원
경상북도,군위군,우보면,모산리 1156,120000,178,과수원
경상북도,군위군,우보면,모산리 1151-1,90000,133,과수원
경상북도,군위군,우보면,미성리 1109-40,790000,1171,과수원
경상북도,군위군,우보면,선곡리 396,50000,198,전
경상북도,군위군,우보면,선곡리 607-12,10000,54,전
경상북도,군위군,우보면,선곡리 607-3,360000,1468,전
경상북도,군위군,우보면,선곡리 393,70000,304,전
경상북도,군위군,우보면,선곡리 426-3,80000,337,전
경상북도,군위군,우보면,선곡리 607-1,60000,238,전
경상북도,군위군,우보면,선곡리 514-2,340000,1365,전
경상북도,군위군,우보면,선곡리 607-12,10000,54,전
경상북도,군위군,우보면,선곡리 607-3,360000,1468,전
경상북도,군위군,우보면,선곡리 393,70000,304,전
경상북도,군위군,우보면,선곡리 426-3,80000,337,전
경상북도,군위군,우보면,선곡리 607-1,60000,238,전
경상북도,군위군,우보면,선곡리 392,50000,215,전
경상북도,군위군,우보면,이화리 215,550000,2241,전
경상북도,군위군,우보면,이화리 222,20000,119,전
경상북도,군위군,우보면,이화리 214,170000,688,전
경상북도,군위군,의흥면,읍내리 77,190000,1091,답
경상북도,군위군,의흥면,읍내리 160,120000,658,답
경상북도,군위군,의흥면,읍내리 162,190000,1129,답
경상북도,군위군,효령면,마시리 259-1,350000,1858,전
경상북도,김천시,감문면,태촌리 266,600000,2007,답
경상북도,김천시,감문면,태촌리 269-1,55000,185,답
경상북도,김천시,감문면,태촌리 268,375000,1253,답
경상북도,김천시,감문면,태촌리 267,170000,569,답
경상북도,김천시,남면,초곡리 982-1,165600,1104,답
경상북도,김천시,덕곡동,155-2,211800,1412,답
경상북도,김천시,아포읍,봉산리 140-2,288150,1921,답
경상북도,김천시,아포읍,제석리 1375,448200,2988,답
경상북도,김천시,아포읍,제석리 557-2,302400,2016,답
경상북도,김천시,아포읍,제석리 104-1,78120,651,과수원
경상북도,김천시,아포읍,제석리 972-1,183000,1220,답
경상북도,김천시,아포읍,제석리 972-2,186000,1240,답
경상북도,김천시,아포읍,제석리 106,219360,1828,과수원
경상북도,김천시,아포읍,제석리 1150,258240,2152,과수원
경상북도,김천시,아포읍,제석리 972-3,215700,1438,답
경상북도,김천시,조마면,신왕리 588,477000,3180,답
경상북도,김천시,지례면,울곡리 371,464960,2906,전
경상북도,김천시,지례면,울곡리 343-1,413760,2586,답
경상북도,문경시,가은읍,상괴리 910,1000000,1535.5,답
경상북도,문경시,가은읍,하괴리 397,1000000,3534,전
경상북도,문경시,산북면,흑송리 75,1000000,1812,전
경상북도,문경시,산북면,흑송리 76,1000000,1392,전
경상북도,문경시,산북면,흑송리 54-3,1000000,1601,답
경상북도,문경시,창동,01월 28일,90000,387,답
경상북도,문경시,창동,Mar-46,20000,69,전
경상북도,문경시,창동,Apr-46,250000,757,전
경상북도,문경시,창동,Jan-46,130000,555,전
경상북도,문경시,창동,Mar-46,20000,69,전
경상북도,문경시,창동,Apr-46,250000,757,전
경상북도,문경시,창동,02월 26일,140000,952,답
경상북도,봉화군,명호면,고감리 725,250000,1215,답
경상북도,봉화군,명호면,고감리 822,260000,2122,전
경상북도,봉화군,명호면,고감리 820,90000,727,전
경상북도,봉화군,명호면,고계리 293-1,150000,1765,전
경상북도,봉화군,명호면,도천리 977,2100000,7150,전
경상북도,봉화군,명호면,도천리 777-1,300000,1002.4,전
경상북도,봉화군,명호면,도천리 1464-6,500000,1336,답
경상북도,봉화군,명호면,양곡리 338-1,60000,334,답
경상북도,봉화군,명호면,양곡리 1121-4,224000,2137.6,답
경상북도,봉화군,명호면,양곡리 1096-11,198000,1927.2,답
경상북도,봉화군,명호면,양곡리 1096-10,87000,846.1,답
경상북도,봉화군,명호면,양곡리 338-2,60000,368,답
경상북도,봉화군,명호면,풍호리 760,2000000,5932,답
경상북도,봉화군,물야면,개단리 1474-1,255000,1896,답
경상북도,봉화군,물야면,두문리 67-3,511000,2989,답
경상북도,봉화군,물야면,오전리 200-1,260000,5200,답
경상북도,봉화군,법전면,소천리 659-8,242000,1417.3,답
경상북도,봉화군,법전면,소천리 168,400000,1417,답
경상북도,봉화군,법전면,풍정리 383-1,700000,3785,답
경상북도,봉화군,법전면,풍정리 373,500000,2248,답
경상북도,봉화군,봉성면,외삼리 295,500000,1864,전
경상북도,봉화군,봉성면,창평리 40,1500000,4321,답
경상북도,봉화군,봉성면,창평리 45,300000,787,답
경상북도,봉화군,봉성면,창평리 41,1500000,3795,답
경상북도,봉화군,봉성면,창평리 43,1500000,6767,답
경상북도,봉화군,봉성면,창평리 39,1500000,5835,답
경상북도,봉화군,봉성면,창평리 43,1500000,6767,답
경상북도,봉화군,봉성면,창평리 39,1500000,5835,답
경상북도,봉화군,봉성면,창평리 176,400000,1556,답
경상북도,봉화군,봉화읍,도촌리 306-29,800000,2089,답
경상북도,봉화군,봉화읍,문단리 27-4,100000,76,답
경상북도,봉화군,봉화읍,문단리 247-1,300000,1273,답
경상북도,봉화군,봉화읍,유곡리 231,550000,2076,전
경상북도,봉화군,상운면,가곡리 748-1,247000,2404,답
경상북도,봉화군,상운면,가곡리 718-2,2000000,3197,답
경상북도,봉화군,상운면,구천리 897,500000,1369,답
경상북도,봉화군,상운면,구천리 892,500000,1058,답
경상북도,봉화군,상운면,구천리 891,1000000,5104,답
경상북도,봉화군,상운면,문촌리 370-3,111000,828.7,답
경상북도,봉화군,상운면,문촌리 370-4,146000,1082.4,답
경상북도,봉화군,상운면,설매리 237,53400000,1763,전
경상북도,봉화군,상운면,하눌리 376-1,600000,2040,전
경상북도,봉화군,상운면,하눌리 375,350000,1235,전
경상북도,봉화군,석포면,승부리 165,450000,1739,전
경상북도,봉화군,소천면,고선리 426-1,230000000,7874,전
경상북도,봉화군,소천면,분천리 256-3,1600000,6627.7,답
경상북도,봉화군,소천면,분천리 557-1,500000,1678,답
경상북도,봉화군,소천면,분천리 1799,1200000,4562,답
경상북도,봉화군,소천면,임기리 764,11770000,354,전
경상북도,봉화군,소천면,임기리 778-1,106480000,3201,전
경상북도,봉화군,소천면,임기리 1208,43920000,1815,전
경상북도,봉화군,소천면,임기리 782,128920000,3874,전
경상북도,봉화군,소천면,임기리 762,109120000,3279,전
경상북도,봉화군,소천면,임기리 1180-3,8540000,403,전
경상북도,봉화군,재산면,현동리 284,48440000,1779,답
경상북도,봉화군,재산면,현동리 283,42300000,1554,전
경상북도,봉화군,춘양면,도심리 796-6,500000,3159.6,답
경상북도,봉화군,춘양면,도심리 392-3,8400000,172,과수원
경상북도,봉화군,춘양면,도심리 1007-12,100000,888.4,답
경상북도,봉화군,춘양면,도심리 392-7,12000000,240,과수원
경상북도,봉화군,춘양면,도심리 796-5,200000,1414.9,답
경상북도,봉화군,춘양면,도심리 1007-11,200000,1622.4,답
경상북도,봉화군,춘양면,도심리 392-6,288000000,5946,과수원
경상북도,봉화군,춘양면,서동리 463-3,249000,1845.9,답
경상북도,봉화군,춘양면,학산리 219,100000,1002,전
경상북도,상주시,공검면,역곡리 128,800000,2905,답
경상북도,상주시,공성면,도곡리 388-1,770000,4526,과수원
경상북도,상주시,공성면,도곡리 386,230000,1359,과수원
경상북도,상주시,공성면,용안리 867-3,110000,2115.2,답
경상북도,상주시,공성면,장동리 621-1,240000,1057,답
경상북도,상주시,공성면,효곡리 429,200000,2774,답
경상북도,상주시,낙동면,물량리 1507-2,100000,1275.1,과수원
경상북도,상주시,낙동면,수정리 131,120000,2043,답
경상북도,상주시,낙동면,수정리 130,80000,999,답
경상북도,상주시,내서면,고곡리 195,2200000,4410,전
경상북도,상주시,내서면,고곡리 196,600000,1203,전
경상북도,상주시,만산동,194-1,380000,3745,답
경상북도,상주시,만산동,193,320000,3088,답
경상북도,상주시,모동면,금천리 504-2,5472000,228,과수원
경상북도,상주시,모동면,금천리 504-1,83784000,3491,과수원
경상북도,상주시,모동면,신천리 562-1,3100000,909,과수원
경상북도,상주시,모동면,신천리 561-2,6900000,2026,과수원
경상북도,상주시,모동면,신천리 563-1,2310000,1597,과수원
경상북도,상주시,모동면,신천리 562-2,1690000,1174,과수원
경상북도,상주시,모동면,신천리 560-2,2000000,2050,과수원
경상북도,상주시,모서면,가막리 161-1,200000,3570,답
경상북도,상주시,모서면,도안리 654-1,640000,846,과수원
경상북도,상주시,모서면,도안리 655,1000000,1362,과수원
경상북도,상주시,모서면,도안리 651-1,1400000,1868,과수원
경상북도,상주시,모서면,정산리 787,230000,904,답
경상북도,상주시,모서면,정산리 788,370000,1426,답
경상북도,상주시,모서면,정산리 776,140000,807,답
경상북도,상주시,모서면,정산리 777,860000,4919,답
경상북도,상주시,외남면,송지리 709-2,180000,2654.4,답
경상북도,상주시,외서면,예의리 483-2,355000,1567.4,답
경상북도,상주시,외서면,예의리 483-3,333000,1468.6,답
경상북도,상주시,외서면,우산리 346-2,2000000,3506.9,답
경상북도,상주시,은척면,봉상리 549-1,90000,1564,답
경상북도,상주시,은척면,봉상리 440,250000,4829,답
경상북도,상주시,은척면,봉상리 516,40000,767,답
경상북도,상주시,은척면,봉상리 552,70000,1160,답
경상북도,상주시,이안면,구미리 274,300000,1481,답
경상북도,상주시,이안면,문창리 331,540000,2845,답
경상북도,상주시,이안면,문창리 461,170000,912,답
경상북도,상주시,이안면,문창리 463,210000,1104,답
경상북도,상주시,이안면,문창리 448,40000,714,답
경상북도,상주시,이안면,문창리 463,210000,1104,답
경상북도,상주시,이안면,문창리 448,40000,714,답
경상북도,상주시,이안면,문창리 462,460000,2410,답
경상북도,상주시,중덕동,823,1200000,3614,답
경상북도,상주시,지천동,332-3,100000,1899,답
경상북도,상주시,지천동,332-11,170000,3288,답
경상북도,상주시,지천동,333-1,30000,628,답
경상북도,상주시,청리면,청상리 655,150000,1068,과수원
경상북도,상주시,청리면,청상리 753,5000000,1722,과수원
경상북도,상주시,청리면,청상리 651,350000,2516,과수원
경상북도,상주시,함창읍,태봉리 650-7,250000,4993.7,답
경상북도,상주시,화남면,평온리 1050-13,341000,1502.1,답
경상북도,상주시,화동면,반곡리 1047,210000,3806.1,답
경상북도,상주시,화동면,반곡리 1042-7,70000,1298.2,답
경상북도,상주시,화동면,신촌리 611,300000,2862,답
경상북도,상주시,화동면,어산리 503,398000,2488,전
경상북도,상주시,화동면,이소리 237-1,5000,19,전
경상북도,상주시,화동면,이소리 237,95000,1869,전
경상북도,상주시,화동면,이소리 202-1,130000,2312.7,답
경상북도,상주시,화동면,이소리 237-2,10000,218,전
경상북도,상주시,화북면,운흥리 372,160000,1438,답
경상북도,상주시,화북면,운흥리 101,130000,1074,전
경상북도,성주군,벽진면,외기리 865,700000,2381,답
경상북도,안동시,길안면,배방리 37,100000,2142,전
경상북도,안동시,길안면,천지리 847,440000,1944,과수원
경상북도,안동시,길안면,천지리 848,560000,2519,과수원
경상북도,안동시,남선면,도로리 634,7500000,245,전
경상북도,안동시,남선면,도로리 641,55000000,1815,전
경상북도,안동시,남선면,도로리 633,82000000,2436,전
경상북도,안동시,남선면,원림리 704,400000,1412,전
경상북도,안동시,남후면,광음리 973,800000,3563,과수원
경상북도,안동시,녹전면,죽송리 561,300000,1987,답
경상북도,안동시,녹전면,죽송리 607,500000,3269,답
경상북도,안동시,도산면,동부리 826,1200000,4274,답
경상북도,안동시,도산면,선양리 421,240000,2311,전
경상북도,안동시,도산면,선양리 425,70000,704,전
경상북도,안동시,도산면,선양리 424,390000,3788,전
경상북도,안동시,도산면,온혜리 287-2,20000,89,전
경상북도,안동시,도산면,온혜리 288-3,130000,762,전
경상북도,안동시,도산면,온혜리 285,40000,214,전
경상북도,안동시,도산면,온혜리 284,10000,54,전
경상북도,안동시,도산면,태자리 1115-1,90000,1226,전
경상북도,안동시,도산면,태자리 1114-1,130000,1739,전
경상북도,안동시,도산면,태자리 1115,310000,4091,전
경상북도,안동시,도산면,태자리 1114,170000,2234,전
경상북도,안동시,북후면,신전리 203-1,900000,3035,전
경상북도,안동시,서후면,이개리 733,24150000,1150,답
경상북도,안동시,서후면,이개리 732-1,22760000,1084,답
경상북도,안동시,서후면,이송천리 679,700000,2678,전
경상북도,안동시,예안면,인계리 509,100000,1326,전
경상북도,안동시,예안면,천전리 239,700000,5309,전
경상북도,안동시,와룡면,가구리 572-3,18500000,245,전
경상북도,안동시,와룡면,가구리 573,120000000,1587,전
경상북도,안동시,와룡면,지내리 810,200000,3008,답
경상북도,안동시,임하면,임하리 1160-1,19000000,1247,답
경상북도,안동시,풍산읍,수곡리 257,500000,3240,답
경상북도,안동시,풍산읍,죽전리 356,7570000,631,전
경상북도,안동시,풍산읍,죽전리 357,16060000,1339,전
경상북도,안동시,풍천면,도양리 338,1000000,2625,답
경상북도,영덕군,강구면,소월리 233,500000,4440,답
경상북도,영덕군,병곡면,아곡리 343,400000,2266,답
경상북도,영덕군,영덕읍,대탄리 341,60000,1101,전
경상북도,영덕군,지품면,신안리 208,320000,2542,과수원
경상북도,영양군,석보면,지경리 649,23210000,699,답
경상북도,영양군,석보면,지경리 642,54450000,1634,답
경상북도,영양군,수비면,계리 191,2000000,3253,전
경상북도,영양군,수비면,수하리 364,32000000,995,전
경상북도,영양군,수비면,신원리 519,90000000,2140,전
경상북도,영양군,수비면,오기리 653-1,25000000,1391,답
경상북도,영양군,수비면,오기리 654-1,31000000,1720,답
경상북도,영양군,영양읍,무창리 745-4,43500000,2876,전
경상북도,영양군,영양읍,상원리 362-2,87900000,2906,전
경상북도,영양군,영양읍,상원리 354-3,5680000,188,전
경상북도,영양군,영양읍,상원리 841-2,25350000,2383,전
경상북도,영양군,영양읍,상원리 359,87900000,456,전
경상북도,영양군,영양읍,상원리 841-1,44650000,4198,전
경상북도,영양군,영양읍,상원리 354-4,5400000,180,전
경상북도,영양군,영양읍,상원리 243,69860000,3299,전
경상북도,영양군,영양읍,상원리 416,34500000,350,과수원
경상북도,영양군,영양읍,상원리 419,155500000,2856,과수원
경상북도,영양군,영양읍,화천리 812-3,31900000,1054,전
경상북도,영양군,영양읍,화천리 812-2,12500000,416,전
경상북도,영양군,영양읍,화천리 812-1,35300000,1167,전
경상북도,영양군,영양읍,화천리 400,35600000,1177,전
경상북도,영양군,일월면,도계리 355-1,18290000,2016,과수원
경상북도,영양군,일월면,도계리 354,2960000,327,과수원
경상북도,영양군,일월면,도계리 346,29240000,3223,과수원
경상북도,영양군,일월면,도계리 340,6020000,664,과수원
경상북도,영양군,일월면,도계리 347,9180000,1012,과수원
경상북도,영양군,일월면,도계리 341,3950000,436,과수원
경상북도,영양군,일월면,도계리 357,38430000,4235,과수원
경상북도,영양군,일월면,도계리 356,14330000,1580,과수원
경상북도,영양군,일월면,도계리 354,2960000,327,과수원
경상북도,영양군,일월면,도계리 346,29240000,3223,과수원
경상북도,영양군,일월면,도계리 340,6020000,664,과수원
경상북도,영양군,일월면,도계리 347,9180000,1012,과수원
경상북도,영양군,일월면,도계리 341,3950000,436,과수원
경상북도,영양군,일월면,도계리 339,14840000,1636,과수원
경상북도,영양군,일월면,도곡리 332-1,89800000,2967,전
경상북도,영양군,일월면,도곡리 344-4,7700000,375,전
경상북도,영양군,일월면,도곡리 353,193800000,4271,전
경상북도,영양군,일월면,문암리 489,2600000,134,전
경상북도,영양군,일월면,문암리 489-1,13975000,712,전
경상북도,영양군,일월면,문암리 489-2,46085000,2344,전
경상북도,영양군,일월면,문암리 503,26715000,1359,전
경상북도,영양군,입암면,방전리 488,55000000,1712,답
경상북도,영양군,입암면,산해리 1114-1,144900000,4790,과수원
경상북도,영양군,입암면,산해리 1098-1,60400000,1998,과수원
경상북도,영양군,입암면,신구리 53,70950000,1564,과수원
경상북도,영양군,입암면,양항리 496-1,168750000,3719,과수원
경상북도,영양군,입암면,양항리 166,35600000,1177,답
경상북도,영양군,입암면,양항리 167,133000000,4397,답
경상북도,영양군,입암면,연당리 92-2,86000000,2843,답
경상북도,영양군,입암면,연당리 92-1,79500000,2629,답
경상북도,영양군,입암면,연당리 19,108800000,3597,전
경상북도,영양군,청기면,구매리 439,23359300,1223,과수원
경상북도,영양군,청기면,구매리 378-1,36382500,1617,과수원
경상북도,영양군,청기면,구매리 438,36454000,1657,과수원
경상북도,영양군,청기면,구매리 637,52780000,3016,과수원
경상북도,영양군,청기면,구매리 603,33092500,1891,과수원
경상북도,영양군,청기면,구매리 606,44205000,2526,과수원
경상북도,영양군,청기면,당리 555,93360000,5144,전
경상북도,영양군,청기면,당리 556,9000000,496,전
경상북도,영양군,청기면,당리 555-1,3840000,211,전
경상북도,영양군,청기면,무진리 591-1,54000000,3564,전
경상북도,영양군,청기면,무진리 593,83500000,5513,전
경상북도,영양군,청기면,무진리 466,125500000,8283,전
경상북도,영양군,청기면,청기리 162-2,27000000,892,답
경상북도,영양군,청기면,청기리 175,90000000,2982,전
경상북도,영양군,청기면,청기리 190,9000000,516,전
경상북도,영양군,청기면,행화리 444,33000000,2196,전
경상북도,영주시,단산면,단곡리 545-2,2000000,4539,과수원
경상북도,영주시,단산면,동원리 402,500000,3874,답
경상북도,영주시,단산면,사천리 664-3,800000,2358.1,답
경상북도,영주시,문수면,월호리 407,140000,1375,전
경상북도,영주시,문수면,월호리 406,40000,354,전
경상북도,영주시,문수면,월호리 413,390000,3772,전
경상북도,영주시,문수면,월호리 898,1500000,1998,전
경상북도,영주시,문수면,월호리 414,330000,3197,전
경상북도,영주시,봉현면,유전리 584-1,307000,2365,답
경상북도,영주시,봉현면,유전리 650,2500000,8342,과수원
경상북도,영주시,봉현면,유전리 397-1,450000,3384,과수원
경상북도,영주시,봉현면,유전리 396,50000,518,과수원
경상북도,영주시,봉현면,하촌리 563,25000000,1504,전
경상북도,영주시,봉현면,하촌리 153-2,124300000,3738,과수원
경상북도,영주시,봉현면,하촌리 576-2,136000000,8151,과수원
경상북도,영주시,부석면,감곡리 550-3,55800000,1845,전
경상북도,영주시,부석면,감곡리 548-2,158900000,5254,전
경상북도,영주시,부석면,노곡리 554,250000,1438,전
경상북도,영주시,부석면,노곡리 351-3,157800000,4732,답
경상북도,영주시,부석면,노곡리 581-2,50000,301,전
경상북도,영주시,부석면,노곡리 351-3,157800000,4732,답
경상북도,영주시,부석면,노곡리 352,38500000,1150,답
경상북도,영주시,부석면,북지리 999,542000,2159,답
경상북도,영주시,부석면,임곡리 759,650000,2681,전
경상북도,영주시,부석면,임곡리 133,650000,2616,전
경상북도,영주시,부석면,임곡리 149,650000,1058,전
경상북도,영주시,부석면,임곡리 146,650000,4419,답
경상북도,영주시,아지동,Oct-87,510000,1838,답
경상북도,영주시,아지동,88,930000,3302,답
경상북도,영주시,아지동,116-1,113800000,2280,전
경상북도,영주시,안정면,내줄리 598,107000000,2846,과수원
경상북도,영주시,안정면,봉암리 12-2,500000,3516,답
경상북도,영주시,안정면,여륵리 509,360000,2089,전
경상북도,영주시,안정면,오계리 686,80000000,3236,전
경상북도,영주시,안정면,일원리 182-2,390000,1997,답
경상북도,영주시,이산면,두월리 264,300000,1220,전
경상북도,영주시,이산면,두월리 13,50000000,2853,전
경상북도,영주시,이산면,두월리 268-2,1200000,4707,전
경상북도,영주시,이산면,두월리 262-1,70000,271,전
경상북도,영주시,이산면,두월리 262-1,70000,271,전
경상북도,영주시,이산면,두월리 263,860000,3441,전
경상북도,영주시,이산면,신암리 1364,700000,1970,답
경상북도,영주시,이산면,신암리 1342,1000000,4013,답
경상북도,영주시,이산면,신암리 1363,750000,2972,답
경상북도,영주시,이산면,신천리 763,50000,479,전
경상북도,영주시,이산면,신천리 761,500000,3455,전
경상북도,영주시,이산면,신천리 765,50000,321,전
경상북도,영주시,이산면,운문리 579,1500000,5613,전
경상북도,영주시,이산면,운문리 708,100000,37,답
경상북도,영주시,이산면,운문리 737,300000,818,답
경상북도,영주시,이산면,운문리 158,400000,1748,전
경상북도,영주시,이산면,운문리 221,650000,2241,전
경상북도,영주시,이산면,운문리 708,100000,37,답
경상북도,영주시,이산면,운문리 577,300000,949,전
경상북도,영주시,이산면,원리 635,14700000,350,전
경상북도,영주시,이산면,원리 634,6300000,152,전
경상북도,영주시,이산면,원리 633,14560000,344,전
경상북도,영주시,이산면,원리 632-5,15960000,380,전
경상북도,영주시,장수면,갈산리 739-1,500000,1382,전
경상북도,영주시,장수면,갈산리 521,1500000,5841,전
경상북도,영주시,장수면,갈산리 522-2,50000,129,전
경상북도,영주시,장수면,두전리 44,680000,3689,답
경상북도,영주시,장수면,성곡리 188-6,560000000,14136,전
경상북도,영주시,장수면,성곡리 245,5000000,288,전
경상북도,영주시,장수면,성곡리 188-1,5000000,354,전
경상북도,영주시,장수면,성곡리 273,400000,1871,전
경상북도,영주시,장수면,파지리 184-2,100000000,2596,답
경상북도,영주시,조암동,548-4,8030000,106,전
경상북도,영주시,조암동,548-3,23560000,311,전
경상북도,영주시,조암동,551,517272000,6828,전
경상북도,영주시,조암동,548-3,23560000,311,전
경상북도,영주시,조암동,548-1,20000000,264,전
경상북도,영주시,조와동,278-5,2400000,14381,전
경상북도,영주시,평은면,지곡리 471,1000000,8142,전
경상북도,영주시,평은면,천본리 338,180000,651,전
경상북도,영주시,평은면,천본리 784,600000,2350,답
경상북도,영주시,평은면,천본리 337,1500000,5372,전
경상북도,영주시,평은면,평은리 21,1500000,5666,과수원
경상북도,영천시,고경면,대성리 246,150000,1207,답
경상북도,영천시,고경면,대성리 247,150000,267,답
경상북도,영천시,고경면,덕암리 175,3600000,1590,전
경상북도,영천시,고경면,도암리 391,1300000,2939,답
경상북도,영천시,금호읍,대곡리 324,180000,1332,전
경상북도,영천시,금호읍,대곡리 322,307000,2311,과수원
경상북도,영천시,금호읍,대곡리 305,83000,625,과수원
경상북도,영천시,금호읍,대곡리 304,34000,261,과수원
경상북도,영천시,금호읍,대곡리 328,40000,304,전
경상북도,영천시,금호읍,대곡리 306,113000,853,과수원
경상북도,영천시,금호읍,대곡리 329,43000,324,전
경상북도,영천시,금호읍,대미리 895,510000,1640,과수원
경상북도,영천시,금호읍,대미리 894,90000,274,과수원
경상북도,영천시,금호읍,대미리 896,400000,1286,과수원
경상북도,영천시,금호읍,신월리 875-3,250000,1983,전
경상북도,영천시,금호읍,약남리 416,1000000,1702,과수원
경상북도,영천시,북안면,반정리 808-7,60000,476,답
경상북도,영천시,북안면,반정리 789-2,140000,1326,답
경상북도,영천시,신녕면,매양리 598,160000,1716,전
경상북도,영천시,신녕면,매양리 599,140000,1550,전
경상북도,영천시,자양면,성곡리 27-3,150000,688,전
경상북도,영천시,자양면,성곡리 27-4,150000,790,전
경상북도,영천시,청통면,송천리 762,275000,1260,답
경상북도,영천시,청통면,송천리 391,450000,2474,전
경상북도,영천시,청통면,송천리 758,40000,284,전
경상북도,영천시,청통면,송천리 763,278000,1279,답
경상북도,영천시,청통면,송천리 760,50000,357,전
경상북도,영천시,청통면,송천리 284-1,500000,2771,전
경상북도,영천시,청통면,송천리 764,300000,2152,답
경상북도,영천시,청통면,송천리 761-1,257000,1851,답
경상북도,영천시,청통면,신덕리 836,1170000,2023,과수원
경상북도,영천시,청통면,신덕리 838,970000,1679,과수원
경상북도,영천시,청통면,신덕리 837,860000,1481,과수원
경상북도,영천시,화북면,오동리 26-21,248000,1025,답
경상북도,영천시,화북면,오동리 27-3,473000,1960,답
경상북도,영천시,화북면,오동리 26-16,144000,597,답
경상북도,영천시,화산면,대안리 533,230000,1421,전
경상북도,예천군,감천면,미석리 727-1,350000,1835,답
경상북도,예천군,감천면,벌방리 84,130000,1831,전
경상북도,예천군,감천면,벌방리 82,370000,5170,전
경상북도,예천군,예천읍,갈구리 223-1,500000,4087,답
경상북도,예천군,예천읍,동본리 353,900000,5700,답
경상북도,예천군,유천면,광전리 114-2,550000,2780,답
경상북도,예천군,은풍면,금곡리 213-2,780000,6777,전
경상북도,예천군,은풍면,금곡리 209,220000,1891,전
경상북도,예천군,효자면,보곡리 211-2,525000,2565,답
경상북도,울진군,금강송면,삼근리 438-2,200000,1699,답
경상북도,울진군,기성면,사동리 666-13,50000,381,전
경상북도,울진군,기성면,사동리 707,50000,1347,전
경상북도,울진군,기성면,사동리 666-14,50000,373,전
경상북도,울진군,기성면,사동리 400,300000,3048,전
경상북도,울진군,기성면,삼산리 1108-2,60000,1243,답
경상북도,울진군,기성면,삼산리 982,50000,1025,답
경상북도,울진군,기성면,삼산리 1008-1,20000,565,답
경상북도,울진군,기성면,삼산리 966,10000,119,답
경상북도,울진군,기성면,삼산리 971,40000,714,답
경상북도,울진군,기성면,삼산리 965,30000,565,답
경상북도,울진군,기성면,삼산리 756-1,10000,261,답
경상북도,울진군,기성면,삼산리 970,100000,1848,답
경상북도,울진군,기성면,삼산리 1008-2,160000,3273,답
경상북도,울진군,기성면,삼산리 756-2,70000,2222,답
경상북도,울진군,매화면,매화리 599-10,230000,1220,답
경상북도,울진군,매화면,매화리 599-7,350000,1815,답
경상북도,울진군,매화면,매화리 573-5,160000,840,답
경상북도,울진군,매화면,매화리 599-8,140000,764,답
경상북도,울진군,매화면,매화리 573-3,140000,725,답
경상북도,울진군,매화면,매화리 599-9,350000,1854,답
경상북도,울진군,매화면,매화리 573-13,70000,370,답
경상북도,울진군,매화면,매화리 573-4,60000,342,답
경상북도,울진군,북면,부구리 1288,100000,2016,답
경상북도,울진군,울진읍,고성리 38-31,50000000,883,답
경상북도,울진군,울진읍,고성리 76-2,30000000,820,답
경상북도,울진군,울진읍,고성리 91-7,6000000,231,답
경상북도,울진군,울진읍,고성리 72,10000000,281,답
경상북도,의성군,가음면,가산리 504,460000,2003,답
경상북도,의성군,가음면,가산리 500-1,40000,200,답
경상북도,의성군,가음면,가산리 505,300000,1316,답
경상북도,의성군,구천면,미천리 1449,180000000,3945.6,답
경상북도,의성군,구천면,소호리 477-1,500000,1481,답
경상북도,의성군,구천면,소호리 696-1,1200000,3380,답
경상북도,의성군,구천면,소호리 696,800000,1120,답
경상북도,의성군,구천면,위성리 1209,480000,1673.8,답
경상북도,의성군,구천면,위성리 1198,170000,607.2,답
경상북도,의성군,구천면,유산리 565-1,1200000,1342,답
경상북도,의성군,금성면,도경리 633-4,100000,1638,과수원
경상북도,의성군,금성면,산운리 578-1,500000,1985,답
경상북도,의성군,금성면,수정리 150,56000000,2315,답
경상북도,의성군,금성면,학미리 618,800000,3363,답
경상북도,의성군,다인면,덕미리 838,190000,3134,답
경상북도,의성군,다인면,도암리 899-4,53393000,1762,답
경상북도,의성군,다인면,도암리 478,60606000,2000,답
경상북도,의성군,다인면,도암리 476,37272000,1230,답
경상북도,의성군,다인면,삼분리 177,370000,1716,답
경상북도,의성군,다인면,삼분리 594,137400000,3028,답
경상북도,의성군,다인면,삼분리 176-3,230000,1067,답
경상북도,의성군,다인면,삼분리 94-7,500000,3061,답
경상북도,의성군,다인면,송호리 441-2,25200000,693,답
경상북도,의성군,다인면,송호리 358-1,98400000,2710,답
경상북도,의성군,다인면,송호리 358-2,153120000,4218,답
경상북도,의성군,단밀면,생송리 310,400000,1554,답
경상북도,의성군,단밀면,용곡리 1997,550000,3609.9,답
경상북도,의성군,단밀면,용곡리 2138,450000,2986.4,답
경상북도,의성군,단북면,신하리 697,61000000,1849.5,답
경상북도,의성군,단북면,연제리 956,60000,1729,답
경상북도,의성군,단북면,이연리 1703,1500000,4535.2,답
경상북도,의성군,단북면,정안리 500,340000,984,전
경상북도,의성군,단북면,정안리 507,1260000,3663,전
경상북도,의성군,단촌면,세촌리 461,100000000,2704,답
경상북도,의성군,단촌면,세촌리 5,10000000,2225,전
경상북도,의성군,봉양면,도원리 908,200000,1593,답
경상북도,의성군,봉양면,장대리 121-5,30000000,1042,답
경상북도,의성군,봉양면,장대리 121-1,9000000,304,답
경상북도,의성군,비안면,용천리 198,120000,2179,전
경상북도,의성군,비안면,자락리 114,400000,2228,답
경상북도,의성군,사곡면,매곡리 2029,31900000,1173,과수원
경상북도,의성군,사곡면,신리리 377,27700000,764,답
경상북도,의성군,사곡면,신리리 330-1,2300000,64,과수원
경상북도,의성군,사곡면,신리리 331,54700000,1508,답
경상북도,의성군,사곡면,신리리 330,31500000,870,과수원
경상북도,의성군,사곡면,신리리 333,42800000,1732,과수원
경상북도,의성군,사곡면,양지리 1315,55000000,1804,답
경상북도,의성군,사곡면,음지리 2030-1,24900000,917,과수원
경상북도,의성군,사곡면,음지리 169-2,62100000,2281,전
경상북도,의성군,사곡면,음지리 1-2,36100000,1329,과수원
경상북도,의성군,신평면,청운리 604,550000,2044,전
경상북도,의성군,안계면,도덕리 295,80000,592,답
경상북도,의성군,안계면,도덕리 299,180000,1273,답
경상북도,의성군,안계면,도덕리 24,140000,1007,답
경상북도,의성군,안계면,도덕리 24-1,100000,738,답
경상북도,의성군,안평면,금곡리 707,150000,494,답
경상북도,의성군,안평면,금곡리 693,150000,532,답
경상북도,의성군,옥산면,구성리 325-2,220000,1762,과수원
경상북도,의성군,옥산면,구성리 324-4,550000,2780,과수원
경상북도,의성군,의성읍,비봉리 309,150000,1157,전
경상북도,의성군,의성읍,비봉리 311,450000,3306,전
경상북도,의성군,의성읍,용연리 659,3000000,6485,과수원
경상북도,의성군,춘산면,빙계리 864,110000,633,전
경상북도,의성군,춘산면,빙계리 865,390000,2346,전
경상북도,의성군,춘산면,사미리 443,183000000,6041,과수원
경상북도,의성군,춘산면,사미리 66-3,45000000,1888,전
경상북도,의성군,춘산면,사미리 435,16000000,519,과수원
경상북도,의성군,춘산면,효선리 1127,40430000,1782,과수원
경상북도,의성군,춘산면,효선리 1130,58900000,2598,과수원
경상북도,의성군,춘산면,효선리 1128,14300000,631,과수원
경상북도,의성군,춘산면,효선리 1129,13500000,595,과수원
경상북도,청도군,각북면,남산리 1353,368000,1217,전
경상북도,청도군,각북면,남산리 1357,2825000,9339,전
경상북도,청도군,매전면,장연리 112,650000,2588,과수원
경상북도,청도군,이서면,서원리 515,300000,1119,답
경상북도,청도군,청도읍,원정리 1146-10,1110000,1835,답
경상북도,청도군,화양읍,신봉리 383,530000,1464,전
경상북도,청도군,화양읍,신봉리 381-1,300000,827,전
경상북도,청송군,부남면,감연리 907,48000000,3193,과수원
경상북도,청송군,부남면,감연리 904-3,22000000,1537,과수원
경상북도,청송군,부남면,양숙리 491,40227000,1749,답
경상북도,청송군,부남면,양숙리 458,15364000,668,전
경상북도,청송군,부남면,양숙리 745,151424000,4732,과수원
경상북도,청송군,부남면,하속리 143,103350000,2279,전
경상북도,청송군,부남면,홍원리 653,114000000,3277,과수원
경상북도,청송군,부남면,홍원리 662,121700000,3501,과수원
경상북도,청송군,안덕면,노래리 37,58680000,3233,전
경상북도,청송군,안덕면,장전리 788,78000000,1643,과수원
경상북도,청송군,안덕면,장전리 378,202800000,5157,과수원
경상북도,청송군,안덕면,지소리 53,180700000,4597,과수원
경상북도,청송군,안덕면,지소리 447,164400000,3623,과수원
경상북도,청송군,안덕면,지소리 367-1,209560000,5331,과수원
경상북도,청송군,주왕산면,부일리 274,40000000,1445,과수원
경상북도,청송군,주왕산면,신점리 498,170000000,5084,과수원
경상북도,청송군,주왕산면,신점리 514,424650000,9360,과수원
경상북도,청송군,주왕산면,신점리 514-1,22500000,247,과수원
경상북도,청송군,주왕산면,지리 31,124780000,3438,답
경상북도,청송군,주왕산면,지리 232,500000,2678.2,전
경상북도,청송군,진보면,고현리 230,57840000,1593,과수원
경상북도,청송군,진보면,고현리 232,71400000,1967,과수원
경상북도,청송군,진보면,고현리 236,91680000,2526,과수원
경상북도,청송군,진보면,고현리 231,43440000,1197,과수원
경상북도,청송군,진보면,고현리 233,84600000,2331,과수원
경상북도,청송군,진보면,신촌리 541-1,520000000,11466,전
경상북도,청송군,진보면,신촌리 557-1,540000000,11998,전
경상북도,청송군,진보면,후평리 550,19530000,1246,과수원
경상북도,청송군,진보면,후평리 560,4480000,286,과수원
경상북도,청송군,진보면,후평리 552,25080000,1600,과수원
경상북도,청송군,진보면,후평리 553,21620000,1379,과수원
경상북도,청송군,진보면,후평리 560,4480000,286,과수원
경상북도,청송군,진보면,후평리 554,17420000,1111,과수원
경상북도,청송군,청송읍,송생리 163,21600000,717,과수원
경상북도,청송군,청송읍,송생리 160-2,15400000,509,답
경상북도,청송군,청송읍,송생리 141,61200000,2023,과수원
경상북도,청송군,청송읍,송생리 144-1,77400000,2559,과수원
경상북도,청송군,파천면,덕천리 616-3,35600000,1471,답
경상북도,청송군,파천면,덕천리 616-2,29840000,1236,답
경상북도,청송군,파천면,신흥리 211,60000000,3660,전
경상북도,청송군,파천면,황목리 14,40000000,1808.4,전
경상북도,청송군,현동면,월매리 408,394000,1473,답
경상북도,청송군,현동면,월매리 408-2,340000,1270,답
경상북도,청송군,현동면,창양리 601,420000,1850,답
경상북도,청송군,현동면,창양리 602,250000,1062,답
경상북도,청송군,현서면,구산리 415,37000000,2033,과수원
경상북도,청송군,현서면,덕계리 463-16,17300000,384,답
경상북도,청송군,현서면,덕계리 464-3,3120000,20,답
경상북도,청송군,현서면,덕계리 463-7,7650000,170,답
경상북도,청송군,현서면,덕계리 464-3,3120000,20,답
경상북도,청송군,현서면,덕계리 463-7,7650000,170,답
경상북도,청송군,현서면,덕계리 461,212800000,4729,답
경상북도,청송군,현서면,두현리 158,342000,2876,전
경상북도,칠곡군,기산면,각산리 930,730000,3382,답
경상북도,칠곡군,기산면,각산리 932,250000,1164,답
경상북도,칠곡군,약목면,덕산리 329,5000000,10333,답
경상북도,칠곡군,약목면,동안리 689,500000,1481,답
경상북도,칠곡군,왜관읍,금남리 637-2,100000,165,답
경상북도,칠곡군,왜관읍,봉계리 135,950000,2810,답
경상북도,포항시,남구,대송면 대각리 283,500000,2268,답
경상북도,포항시,남구,일월동 190-43,200000,1562,전
경상북도,포항시,남구,장기면 산서리 481-2,160000,1904,전
경상북도,포항시,남구,장기면 산서리 476,80000,902,전
경상북도,포항시,남구,장기면 산서리 481-1,80000,1012,전
경상북도,포항시,남구,장기면 산서리 479,30000,423,전
경상북도,포항시,북구,기북면 오덕리 24,160000,1203,답
경상북도,포항시,북구,기북면 오덕리 29,70000,575,답
경상북도,포항시,북구,기북면 오덕리 30,10000,112,답
경상북도,포항시,북구,기북면 오덕리 37,190000,1471,답
경상북도,포항시,북구,송라면 조사리 389,700000,2179,답
경상북도,포항시,북구,송라면 조사리 372,200000,660,답
경상남도,거제시,거제면,명진리 492,192000,955,답
경상남도,거제시,거제면,명진리 770-3,208000,1034,답
경상남도,거제시,능포동,223-1,100000,514,전
경상남도,거제시,덕포동,970-1,104000,345,답
경상남도,거제시,동부면,가배리 471,100000,572,답
경상남도,거제시,동부면,가배리 469,500000,2569,답
경상남도,거제시,동부면,부춘리 735,2400000,867,답
경상남도,거제시,둔덕면,거림리 133-3,150000,728,답
경상남도,거제시,둔덕면,거림리 932-2,100000,434,답
경상남도,거제시,둔덕면,거림리 917,100000,326,답
경상남도,거제시,둔덕면,거림리 133-2,100000,505,답
경상남도,거제시,사등면,덕호리 190-2,1000000,1522,답
경상남도,거제시,사등면,사곡리 253,200000,1851,답
경상남도,거제시,사등면,오량리 1232-1,1181000,3048,전
경상남도,거제시,사등면,오량리 114-7,731000,1884,전
경상남도,거제시,사등면,오량리 1232,351000,906,답
경상남도,거제시,사등면,오량리 1232-2,737000,1901,전
경상남도,거제시,삼거동,04월 04일,2000000,3284,답
경상남도,거창군,가조면,대초리 166,200000,1910,답
경상남도,거창군,가조면,대초리 329,600000,3030,답
경상남도,거창군,가조면,도리 519-11,240000,1540,답
경상남도,거창군,가조면,도리 539-2,10000,71,답
경상남도,거창군,고제면,봉계리 701,1000000,2805,전
경상남도,거창군,웅양면,동호리 1082,480000,1613,답
경상남도,거창군,웅양면,신촌리 356,360000,1042,답
경상남도,거창군,웅양면,한기리 441-11,524000,1731,답
경상남도,거창군,주상면,성기리 1325-2,200000,2200,답
경상남도,고성군,거류면,감서리 102-5,290330,2962.5,답
경상남도,고성군,거류면,은월리 313,1300000,3918,전
경상남도,고성군,고성읍,신월리 105-5,320000,2541,답
경상남도,고성군,고성읍,우산리 109-2,100000,1379,답
경상남도,고성군,고성읍,월평리 437-1,1000000,1736,답
경상남도,고성군,고성읍,월평리 363,300000,3256,답
경상남도,고성군,고성읍,월평리 438,1000000,1679,답
경상남도,고성군,고성읍,율대리 451-2,466000,1597,답
경상남도,고성군,고성읍,율대리 450-4,150000,512,답
경상남도,고성군,고성읍,율대리 450-5,234000,803,답
경상남도,고성군,고성읍,이당리 198-1,2000000,3391,답
경상남도,고성군,대가면,송계리 198-2,172000,1325.5,답
경상남도,고성군,동해면,봉암리 728-6,105450,1076,답
경상남도,고성군,동해면,봉암리 733-10,191790,1957,답
경상남도,고성군,동해면,봉암리 524-3,115000,866,전
경상남도,고성군,동해면,봉암리 728-7,110150,1124,답
경상남도,고성군,동해면,봉암리 775-1,120000,587,전
경상남도,고성군,동해면,봉암리 775,80000,378,전
경상남도,고성군,동해면,봉암리 533,185000,1402,전
경상남도,고성군,동해면,봉암리 1001-13,195900,1999,답
경상남도,고성군,동해면,봉암리 995-6,209820,2141,답
경상남도,고성군,동해면,외곡리 260-2,311880,3182.4,답
경상남도,고성군,동해면,장기리 508,100000,990,답
경상남도,고성군,삼산면,두포리 357,500000,2592,답
경상남도,고성군,삼산면,두포리 146,278000,1451,전
경상남도,고성군,삼산면,두포리 352-1,39000,205,답
경상남도,고성군,삼산면,두포리 355,70000,364,답
경상남도,고성군,삼산면,두포리 354,13000,69,답
경상남도,고성군,삼산면,삼봉리 207-2,1000000,1549,답
경상남도,고성군,삼산면,장치리 739-8,93000,1012,답
경상남도,고성군,삼산면,장치리 739-7,107000,1161,답
경상남도,고성군,삼산면,판곡리 431-13,2000000,2370,답
경상남도,고성군,삼산면,판곡리 431-18,2000000,2113,답
경상남도,고성군,상리면,망림리 606-2,220000,1694,답
경상남도,고성군,상리면,망림리 269,200000,1689,답
경상남도,고성군,상리면,부포리 92-1,227000,1747,답
경상남도,고성군,상리면,자은리 555,1000000,1391.2,답
경상남도,고성군,상리면,자은리 532,1500000,2398.9,답
경상남도,고성군,하이면,덕명리 603,100000,1567,전
경상남도,고성군,하이면,월흥리 965-1,300000,1719,답
경상남도,고성군,하이면,월흥리 965-2,350000,1990,답
경상남도,고성군,하이면,월흥리 990-1,200000,2266,답
경상남도,고성군,하일면,송천리 591,436000,2846,답
경상남도,고성군,하일면,송천리 581-1,64000,415,답
경상남도,고성군,하일면,춘암리 702,500000,2311,전
경상남도,고성군,하일면,춘암리 703-1,300000,949,전
경상남도,고성군,하일면,춘암리 701,200000,1279,전
경상남도,고성군,하일면,학림리 104,85000,883,답
경상남도,고성군,하일면,학림리 121,115000,1204,전
경상남도,고성군,회화면,봉동리 135-1,27000,245,답
경상남도,고성군,회화면,봉동리 134-2,9000,89,전
경상남도,고성군,회화면,봉동리 128-3,22000,210,답
경상남도,고성군,회화면,봉동리 133-2,100000,942,답
경상남도,고성군,회화면,봉동리 134-4,42000,393,답
경상남도,김해시,생림면,생림리 701-1,790000,2266,답
경상남도,김해시,생림면,생림리 701-27,20000,48,답
경상남도,김해시,생림면,생림리 701-2,190000,552,답
경상남도,김해시,응달동,178,455000,4021,답
경상남도,김해시,진례면,초전리 214-10,380000,1273,답
경상남도,김해시,진영읍,여래리 297-11,160000,648,전
경상남도,남해군,고현면,대사리 730-1,32788000,1296,답
경상남도,남해군,남면,당항리 351,600000,990,답
경상남도,남해군,남면,석교리 983,328000,1262,답
경상남도,남해군,남면,석교리 1114,393000,1514,답
경상남도,남해군,이동면,무림리 85,100000,718,답
경상남도,밀양시,무안면,동산리 462,1230000,2497,답
경상남도,밀양시,부북면,덕곡리 665-1,2000,46,답
경상남도,밀양시,부북면,덕곡리 665,98000,2513,답
경상남도,밀양시,상남면,동산리 604-1,900000,1501,답
경상남도,밀양시,상남면,동산리 605-2,20000,40,답
경상남도,밀양시,상남면,동산리 118-1,2650000,2213,답
경상남도,밀양시,상남면,동산리 605-1,800000,1435,답
경상남도,밀양시,용평동,654,330000,1711,답
경상남도,밀양시,용평동,655-5,30000,131,답
경상남도,밀양시,용평동,653,60000,314,답
경상남도,밀양시,용평동,655-1,30000,159,답
경상남도,밀양시,용평동,653-2,20000,25,답
경상남도,밀양시,용평동,604,230000,1233,답
경상남도,사천시,궁지동,348-12,20000,417,답
경상남도,사천시,서포면,구랑리 953-3,1700000,2852,답
경상남도,사천시,서포면,금진리 150-4,1670000,3514,답
경상남도,사천시,서포면,금진리 153-5,1000000,3182,답
경상남도,사천시,향촌동,232-2,520000,2195,답
경상남도,사천시,향촌동,232-1,40000,181,답
경상남도,산청군,금서면,방곡리 773,2100000,2053,답
경상남도,산청군,금서면,자혜리 687,2000000,1998,답
경상남도,산청군,금서면,주상리 408,1000000,988,답
경상남도,산청군,단성면,묵곡리 463-1,200000,235,답
경상남도,산청군,단성면,묵곡리 409-2,900000,1021,답
경상남도,산청군,단성면,묵곡리 434-9,50000,56,답
경상남도,산청군,단성면,묵곡리 434-1,650000,728,답
경상남도,산청군,단성면,묵곡리 3,220000,836,답
경상남도,산청군,단성면,묵곡리 464,300000,324,답
경상남도,산청군,단성면,호리 234-2,1500000,1498,답
경상남도,산청군,산청읍,범학리 904-7,2900000,2944,답
경상남도,산청군,산청읍,차탄리 118,1000000,1088,답
경상남도,산청군,산청읍,차탄리 701,600000,694,답
경상남도,산청군,산청읍,차탄리 704,200000,237,답
경상남도,산청군,산청읍,차탄리 700,2000000,2053,답
경상남도,산청군,삼장면,대포리 377-4,700000,2479,답
경상남도,산청군,생비량면,도리 529,2200000,2484,답
경상남도,산청군,생비량면,도리 126,800000,2542,답
경상남도,산청군,생비량면,도리 491,600000,725,답
경상남도,산청군,생비량면,도리 369,500000,485,답
경상남도,산청군,생초면,노은리 1079,2100000,2153,답
경상남도,산청군,생초면,대포리 176-4,95809000,2521.3,답
경상남도,산청군,생초면,대포리 176-1,16819000,442.6,답
경상남도,산청군,생초면,대포리 176-2,84846000,2232.8,답
경상남도,산청군,생초면,대포리 164,75950000,1519,답
경상남도,산청군,생초면,대포리 176-3,92127000,2424.4,답
경상남도,산청군,생초면,신연리 653,1500000,1449,답
경상남도,산청군,신등면,평지리 957-2,1000000,1022.4,답
경상남도,산청군,신등면,평지리 955,3000000,2978.6,답
경상남도,산청군,신등면,평지리 957-3,2000000,2221.7,답
경상남도,산청군,신안면,장죽리 87-7,1000000,1041,답
경상남도,산청군,신안면,장죽리 87-8,1900000,1983,답
경상남도,산청군,신안면,장죽리 91-7,2200000,2056,답
경상남도,산청군,신안면,장죽리 91-26,1000000,906,답
경상남도,산청군,신안면,장죽리 91-13,2000000,1904,답
경상남도,산청군,차황면,신기리 814-2,1600000,1632,답
경상남도,산청군,차황면,신기리 586-1,2700000,2760,답
경상남도,산청군,차황면,신기리 81-1,1300000,1340,답
경상남도,산청군,차황면,신기리 803-7,1600000,1676,답
경상남도,산청군,차황면,신기리 75-1,1200000,1249,답
경상남도,의령군,궁류면,다현리 711-2,65000,695,전
경상남도,의령군,궁류면,다현리 751,135000,1460,답
경상남도,의령군,궁류면,평촌리 712,300000,2332.7,답
경상남도,의령군,대의면,마쌍리 445,250000,1322.5,전
경상남도,의령군,봉수면,서암리 958,600000,1967,답
경상남도,의령군,유곡면,상촌리 544,200000,631,전
경상남도,의령군,지정면,봉곡리 181,380000,1386,답
경상남도,의령군,지정면,봉곡리 130-5,400000,1465,답
경상남도,의령군,칠곡면,산북리 501,300000,2545,답
경상남도,진주시,대곡면,대곡리 766,6000000,853,답
경상남도,진주시,대곡면,대곡리 767,1800000,231,답
경상남도,진주시,대곡면,대곡리 447,3800000,407,답
경상남도,진주시,대곡면,대곡리 448,12000000,1656,답
경상남도,진주시,명석면,덕곡리 277-9,550000,2364,답
경상남도,진주시,명석면,용산리 910-1,2100000,2065,답
경상남도,진주시,문산읍,소문리 1795-1,3000000,3081,답
경상남도,진주시,문산읍,안전리 389-1,210000000,9929,답
경상남도,진주시,문산읍,안전리 389-2,210000000,9929,답
경상남도,진주시,사봉면,무촌리 257,2000000,2010,답
경상남도,진주시,이반성면,가산리 73,700000,740,답
경상남도,진주시,이반성면,가산리 164,1100000,1137,답
경상남도,진주시,이반성면,가산리 38-2,1400000,1359,답
경상남도,진주시,이반성면,가산리 131-3,3000000,2995,답
경상남도,진주시,이반성면,가산리 125-19,3000000,3046,답
경상남도,진주시,지수면,압사리 957-8,700000,2773.3,답
경상남도,창녕군,고암면,계상리 439,2500000,1337,답
경상남도,창녕군,고암면,계상리 521-5,2500000,1972,답
경상남도,창녕군,고암면,계상리 522-2,2000000,1434,답
경상남도,창녕군,길곡면,마천리 625,520000,987,답
경상남도,창녕군,길곡면,마천리 625-1,400000,993,답
경상남도,창녕군,남지읍,마산리 41-68,478000,1970,답
경상남도,창녕군,남지읍,마산리 37-15,385000,1590,답
경상남도,창녕군,대합면,목단리 1326-213,2000000,2159,답
경상남도,창녕군,대합면,목단리 1326-212,1000000,592,답
경상남도,창녕군,대합면,소야리 215,100000,1017,답
경상남도,창녕군,대합면,소야리 218,200000,2143,답
경상남도,창녕군,대합면,십이리 367,330000,1386,답
경상남도,창녕군,대합면,십이리 111,1500000,2288,답
경상남도,창녕군,대합면,평지리 874-2,250000,1263,전
경상남도,창녕군,대합면,평지리 892-3,200000,704,답
경상남도,창녕군,대합면,평지리 945-2,400000,2169,답
경상남도,창녕군,도천면,논리 781-4,460000,1897.2,답
경상남도,창녕군,도천면,우강리 1532,376000,1548.8,답
경상남도,창녕군,부곡면,구산리 1119-9,647000,2672.3,답
경상남도,창녕군,부곡면,부곡리 632-15,500000,2447,답
경상남도,창녕군,부곡면,부곡리 632-25,200000,966,답
경상남도,창녕군,영산면,봉암리 687-1,1308000,5399.5,답
경상남도,창녕군,영산면,봉암리 687-2,332000,1366.8,답
경상남도,창녕군,영산면,신제리 278,732000,3018,답
경상남도,창녕군,유어면,가항리 1133-11,607000,2503.3,답
경상남도,창녕군,이방면,석리 109-1,1000000,1974,답
경상남도,창녕군,장마면,강리 305,339000,1400,답
경상남도,창녕군,장마면,동정리 59-4,688000,2838,답
경상남도,창녕군,장마면,동정리 59-3,120000,493,답
경상남도,창녕군,장마면,유리 2052-5,2680000,2961.5,답
경상남도,창녕군,창녕읍,신촌리 697-1,461000,1899,답
경상남도,창원시,의창구,동읍 본포리 480-1,1784000,7657,과수원
경상남도,통영시,명정동,841-1,20000,463,전
경상남도,통영시,사량면,금평리 836,30000,476,전
경상남도,통영시,산양읍,풍화리 1499-2,65000,426,전
경상남도,통영시,산양읍,풍화리 1513,420000,2774,답
경상남도,통영시,산양읍,풍화리 1485-6,455000,2969,전
경상남도,통영시,산양읍,풍화리 1511,60000,397,답
경상남도,통영시,평림동,128,60000,797,전
경상남도,통영시,평림동,130,20000,410,전
경상남도,하동군,고전면,명교리 89,12138000,714,답
경상남도,하동군,고전면,명교리 79,32535000,2169,답
경상남도,하동군,고전면,신월리 323-5,480000,1689,답
경상남도,하동군,금남면,덕천리 863-2,230000,898,답
경상남도,하동군,금남면,덕천리 705-1,5000,20,답
경상남도,하동군,금남면,덕천리 710-2,129000,503,답
경상남도,하동군,금남면,덕천리 885,42000,136,답
경상남도,하동군,금남면,덕천리 863-1,108000,421,답
경상남도,하동군,금남면,덕천리 689,11000,43,답
경상남도,하동군,금남면,덕천리 705-3,26000,102,답
경상남도,하동군,금남면,덕천리 863-3,254000,989,답
경상남도,하동군,금성면,고포리 546-2,1300000,1251,답
경상남도,하동군,금성면,궁항리 1408-1,700000,2400,답
경상남도,하동군,북천면,직전리 688,414000,1804,답
경상남도,하동군,악양면,등촌리 59-1,15386000,1293,답
경상남도,하동군,악양면,등촌리 55,36632000,3131,답
경상남도,하동군,악양면,매계리 298,500000,1336,답
경상남도,하동군,악양면,매계리 316,1500000,4082,답
경상남도,하동군,적량면,서리 111,100000,462,답
경상남도,하동군,진교면,송원리 1035,294952000,7373.8,답
경상남도,하동군,진교면,월운리 545-7,78338000,3013,답
경상남도,하동군,하동읍,비파리 780,600000,1788,답
경상남도,하동군,하동읍,화심리 285-2,460000,2004,답
경상남도,하동군,하동읍,화심리 189-1,426000,1855,답
제주특별자치도,서귀포시,상효동,1317-2,3500000,5488,전
제주특별자치도,제주시,구좌읍,송당리 1847-1,500000,2976,전
제주특별자치도,제주시,한림읍,협재리 736,480000,2093,전
전북특별자치도,고창군,고창읍,내동리 28-8,100000,201,답
전북특별자치도,고창군,고창읍,내동리 384,300000,625,답
전북특별자치도,고창군,고창읍,내동리 383,100000,218,답
전북특별자치도,고창군,공음면,군유리 1000,350000,1714.4,답
전북특별자치도,고창군,공음면,군유리 999,100000,564,답
전북특별자치도,고창군,공음면,선동리 1227-3,634000,2107,전
전북특별자치도,고창군,대산면,연동리 975,222000,1821,답
전북특별자치도,고창군,대산면,중산리 1791,1997000,3994.7,답
전북특별자치도,고창군,무장면,강남리 414-10,1120000,3747,전
전북특별자치도,고창군,무장면,강남리 1830,535000,2636,답
전북특별자치도,고창군,무장면,고라리 528,1730000,3467.1,답
전북특별자치도,고창군,무장면,고라리 529,530000,1052.1,답
전북특별자치도,고창군,부안면,송현리 986,540000,1436.1,답
전북특별자치도,고창군,부안면,운양리 527,110000,360,전
전북특별자치도,고창군,상하면,용정리 623,400000,2879,전
전북특별자치도,고창군,상하면,용정리 626,50000,347,전
전북특별자치도,고창군,상하면,용정리 624,50000,529,전
전북특별자치도,고창군,성송면,사내리 805,280000,1383.7,답
전북특별자치도,고창군,성송면,사내리 515,250000,853,답
전북특별자치도,고창군,성송면,산수리 1021,113000000,3497.1,답
전북특별자치도,고창군,성송면,산수리 1018,51000000,1590.2,답
전북특별자치도,고창군,성송면,산수리 1020,40000000,1221.7,답
전북특별자치도,고창군,성송면,산수리 1019,18000000,552.9,답
전북특별자치도,고창군,신림면,자포리 1453,1932000,3864.3,답
전북특별자치도,고창군,심원면,용기리 516-1,197000,1615,답
전북특별자치도,고창군,심원면,용기리 514-3,194000,1593,답
전북특별자치도,고창군,심원면,용기리 514-4,180000,1479,답
전북특별자치도,고창군,심원면,주산리 350,177000,592,전
전북특별자치도,고창군,심원면,주산리 348,800000,2679,전
전북특별자치도,고창군,아산면,남산리 799,1350000,2523,답
전북특별자치도,고창군,해리면,안산리 454,200000,952,전
전북특별자치도,고창군,해리면,안산리 450,720000,3131,전
전북특별자치도,고창군,해리면,안산리 486,500000,2198,전
전북특별자치도,고창군,해리면,안산리 446-2,240000,1071,전
전북특별자치도,고창군,해리면,안산리 449,250000,969,전
전북특별자치도,고창군,해리면,안산리 448,160000,694,전
전북특별자치도,고창군,해리면,안산리 452,600000,2545,전
전북특별자치도,고창군,해리면,안산리 480,170000,724,전
전북특별자치도,고창군,해리면,안산리 449-1,150000,694,전
전북특별자치도,고창군,해리면,안산리 453,100000,615,전
전북특별자치도,고창군,흥덕면,교운리 17-1,650000,2162,전
전북특별자치도,고창군,흥덕면,후포리 608,250000,1273,답
전북특별자치도,군산시,개사동,368,360000,2562,답
전북특별자치도,군산시,옥산면,금성리 180,900000,6104,답
전북특별자치도,군산시,임피면,미원리 865,600000,1177,답
전북특별자치도,김제시,용지면,장신리 922,1382000,1974,답
전북특별자치도,남원시,금지면,서매리 1240-5,550000,1810,답
전북특별자치도,남원시,금지면,서매리 399-2,550000,1537,답
전북특별자치도,남원시,대강면,신덕리 1160-2,160000000,2741.9,과수원
전북특별자치도,남원시,대산면,대곡리 968-4,39830000,1206.9,답
전북특별자치도,남원시,대산면,대곡리 959-1,92850000,2813.6,답
전북특별자치도,남원시,대산면,옥율리 817-1,2000000,3740,답
전북특별자치도,남원시,사매면,관풍리 700,50000000,1561,답
전북특별자치도,남원시,사매면,인화리 655-5,78760000,3099.6,답
전북특별자치도,남원시,사매면,인화리 655-4,30248000,1190.4,답
전북특별자치도,남원시,사매면,인화리 418-1,22276100,1052,답
전북특별자치도,남원시,사매면,화정리 522-2,320000,1054.1,답
전북특별자치도,남원시,송동면,세전리 1389-13,800000,1894,답
전북특별자치도,남원시,송동면,송상리 693-1,391000,1614,답
전북특별자치도,남원시,수지면,유암리 440-10,400000,1788,답
전북특별자치도,남원시,아영면,갈계리 863,600000,1951,답
전북특별자치도,남원시,아영면,의지리 450-2,280000,1217,전
전북특별자치도,남원시,아영면,의지리 356,220000,976,전
전북특별자치도,남원시,아영면,일대리 894,75000,292,답
전북특별자치도,남원시,아영면,일대리 893,42000,165,답
전북특별자치도,남원시,아영면,일대리 890,340000,1319,답
전북특별자치도,남원시,아영면,일대리 925,230000,896,답
전북특별자치도,남원시,아영면,일대리 923,175000,691,답
전북특별자치도,남원시,아영면,일대리 528-2,430000,1670,답
전북특별자치도,남원시,아영면,일대리 922,100000,393,답
전북특별자치도,남원시,아영면,일대리 890,340000,1319,답
전북특별자치도,남원시,아영면,일대리 925,230000,896,답
전북특별자치도,남원시,아영면,일대리 923,175000,691,답
전북특별자치도,남원시,아영면,일대리 528-2,430000,1670,답
전북특별자치도,남원시,아영면,일대리 922,100000,393,답
전북특별자치도,남원시,아영면,일대리 924,110000,446,답
전북특별자치도,남원시,운봉읍,용산리 24,652000,5130,답
전북특별자치도,남원시,이백면,초촌리 644,200000,988,답
전북특별자치도,남원시,인월면,상우리 679,270000,774,과수원
전북특별자치도,남원시,인월면,상우리 678,390000,1114,과수원
전북특별자치도,남원시,인월면,상우리 680,340000,1002,과수원
전북특별자치도,남원시,인월면,성산리 349,350000,1803,전
전북특별자치도,남원시,주생면,도산리 978-1,292000,1203.8,답
전북특별자치도,남원시,주생면,도산리 756-9,500000,1182.2,답
전북특별자치도,남원시,주생면,도산리 757,200000,675.7,답
전북특별자치도,남원시,주생면,도산리 967-2,403000,1663.7,답
전북특별자치도,남원시,주생면,도산리 756-3,900000,3710,답
전북특별자치도,남원시,주생면,정송리 627-5,329000,1356.4,답
전북특별자치도,남원시,주천면,배덕리 931-16,600000,1150.5,답
전북특별자치도,남원시,주천면,배덕리 931-15,600000,1823.5,답
전북특별자치도,남원시,주천면,송치리 876,280000,1045,답
전북특별자치도,남원시,주천면,송치리 932,400000,1481,답
전북특별자치도,남원시,주천면,호경리 102-13,25000,69,답
전북특별자치도,남원시,주천면,호경리 103,265000,736,답
전북특별자치도,남원시,주천면,호경리 102-1,60000,239,답
전북특별자치도,무주군,부남면,장안리 1680-1,700000,2864,전
전북특별자치도,무주군,안성면,금평리 398,52000,350,전
전북특별자치도,무주군,안성면,금평리 2173,591000,1743.7,답
전북특별자치도,무주군,안성면,금평리 399,83000,555,전
전북특별자치도,무주군,안성면,금평리 397,81000,539,전
전북특별자치도,무주군,안성면,금평리 397,81000,539,전
전북특별자치도,무주군,안성면,금평리 1011,532000,1957,전
전북특별자치도,무주군,안성면,사전리 1391-6,500000,1477,답
전북특별자치도,무주군,적상면,삼가리 719-3,70000,2717,답
전북특별자치도,무주군,적상면,삼가리 720,70000,314,답
전북특별자치도,무주군,적상면,삼가리 718,70000,231,답
전북특별자치도,무주군,적상면,삼가리 712-1,70000,337,답
전북특별자치도,무주군,적상면,삼가리 713,70000,519,답
전북특별자치도,무주군,적상면,삼가리 719-2,600000,2843,답
전북특별자치도,무주군,적상면,삼가리 719-1,300000,1200,답
전북특별자치도,부안군,계화면,의복리 1655-1,700000,1653,답
전북특별자치도,부안군,계화면,창북리 654,600000,1911,답
전북특별자치도,부안군,동진면,증산리 226,50000,2133,답
전북특별자치도,부안군,변산면,운산리 528-2,650000,1849,답
전북특별자치도,부안군,하서면,백련리 669-15,435450,972,답
전북특별자치도,부안군,하서면,백련리 669-16,628090,1402,답
전북특별자치도,부안군,하서면,백련리 656-6,51240,185,전
전북특별자치도,부안군,하서면,백련리 669-4,564480,1260,답
전북특별자치도,부안군,하서면,백련리 566-22,103590,374,전
전북특별자치도,부안군,하서면,석상리 175-9,260000,951,전
전북특별자치도,부안군,하서면,청호리 658,500000,3613,답
전북특별자치도,순창군,동계면,신흥리 425,10000000,288,전
전북특별자치도,순창군,팔덕면,창덕리 843,1080000,2032,답
전북특별자치도,완주군,봉동읍,은하리 1077-2,600000,1746.3,답
전북특별자치도,완주군,용진읍,간중리 595-1,900000,3363,답
전북특별자치도,완주군,용진읍,간중리 595-9,350000,1607,답
전북특별자치도,완주군,이서면,용서리 651-10,360000,1335,답
전북특별자치도,익산시,여산면,두여리 1291-7,1620000,3893,답
전북특별자치도,익산시,여산면,두여리 1291-8,380000,924,답
전북특별자치도,익산시,춘포면,창평리 732,360000,2152,답
전북특별자치도,임실군,강진면,백련리 145-3,70000,504,답
전북특별자치도,임실군,강진면,백련리 145-5,30000,108,답
전북특별자치도,임실군,강진면,백련리 1319,100000,1000,답
전북특별자치도,임실군,강진면,백련리 1320,100000,1069,답
전북특별자치도,임실군,성수면,오봉리 874-2,200000,2257,답
전북특별자치도,임실군,신평면,가덕리 1003-5,1000000,3153,답
전북특별자치도,임실군,신평면,창인리 86,280000,1234,답
전북특별자치도,임실군,신평면,창인리 87,320000,1420,답
전북특별자치도,임실군,신평면,창인리 237-1,200000,2360,전
전북특별자치도,임실군,신평면,호암리 1486,2000000,3024,답
전북특별자치도,임실군,임실읍,두곡리 329,200000,1949,답
전북특별자치도,임실군,임실읍,성가리 104-3,1600000,6676,답
전북특별자치도,장수군,계남면,호덕리 1138,900000,3015,답
전북특별자치도,장수군,산서면,건지리 997,360000,1425,답
전북특별자치도,장수군,산서면,학선리 1070,500000,1030,답
전북특별자치도,장수군,장계면,금곡리 325-2,1000000,6618,답
전북특별자치도,장수군,장계면,금곡리 314-2,80000,558,답
전북특별자치도,장수군,장계면,금곡리 324-2,70000,478,답
전북특별자치도,장수군,천천면,오봉리 87,220000,1372,답
전북특별자치도,전주시,덕진구,고랑동 608-2,540000,2215,답
전북특별자치도,전주시,덕진구,고랑동 608-1,160000,661,답
전북특별자치도,전주시,덕진구,호성동1가 321-3,100000,321,전
전북특별자치도,전주시,덕진구,호성동1가 319-3,50000,192,전
전북특별자치도,전주시,덕진구,호성동1가 321-2,250000,800,전
전북특별자치도,전주시,덕진구,호성동1가 319-2,300000,993,전
전북특별자치도,전주시,덕진구,호성동1가 321,100000,361,전
전북특별자치도,전주시,완산구,평화동3가 332-5,300000,1190,답
전북특별자치도,정읍시,감곡면,용곽리 1475-19,41890000,1259,답
전북특별자치도,정읍시,감곡면,용곽리 1466-2,115540000,3183,답
전북특별자치도,정읍시,고부면,백운리 1141-11,95760000,3404,답
전북특별자치도,정읍시,덕천면,상학리 970,32120000,885,답
전북특별자치도,정읍시,덕천면,상학리 990,63340000,1745,답
전북특별자치도,정읍시,소성면,용정리 833-2,118870000,3742.7,답
전북특별자치도,정읍시,소성면,용정리 833-1,107930000,3398.3,답
전북특별자치도,정읍시,소성면,용정리 792-1,64500000,2244.8,답
전북특별자치도,정읍시,소성면,화룡리 1215-8,105000000,3357.1,답
전북특별자치도,정읍시,소성면,화룡리 1088,100480000,3321.8,답
전북특별자치도,정읍시,신태인읍,신태인리 696,96430000,3188,답
전북특별자치도,정읍시,신태인읍,양괴리 1515,120540000,3985,답
전북특별자치도,정읍시,영원면,앵성리 1105,150000000,3942,답
전북특별자치도,진안군,주천면,대불리 801-1,40414000,3749,전
전북특별자치도,진안군,주천면,운봉리 197,320000,2519,답
전북특별자치도,진안군,주천면,운봉리 362,110000,1279,전
